t,fr,fl,br,bl,pitch,roll,yaw,pp,pi,pd,rp,ri,rd,ch3
58950,1057.4531,1063.8217,1060.1782,1066.5468,2.0625,4.7500,36.0000,-0.4125,-1.0750,0.1250,-0.9500,-2.2344,0.0000,1362
58990,1057.3156,1063.7219,1060.2780,1066.6843,2.0625,4.7500,35.8125,-0.4125,-1.0687,0.0000,-0.9500,-2.2531,0.0000,1362
59031,1057.4375,1063.3312,1060.6687,1066.5625,2.1250,4.6250,35.6250,-0.4250,-1.0656,-0.1250,-0.9250,-2.2719,0.2500,1362
59071,1057.5781,1063.4467,1060.5532,1066.4218,2.1250,4.5000,35.4375,-0.4250,-1.0625,0.0000,-0.9000,-2.2844,0.2500,1362
59110,1057.4594,1063.2968,1060.7031,1066.5405,2.1875,4.3750,35.2500,-0.4375,-1.0594,-0.1250,-0.8750,-2.2938,0.2500,1362
59150,1055.4687,1061.2624,1058.7375,1064.5312,2.2500,4.2500,35.1250,-0.4500,-1.0594,-0.1250,-0.8500,-2.2969,0.2500,1360
59190,1054.6219,1060.3531,1057.6468,1063.3780,2.2500,4.1250,35.0625,-0.4500,-1.0625,0.0000,-0.8250,-2.2906,0.2500,1359
59230,1053.5250,1059.1688,1056.8311,1062.4749,2.3125,4.0000,34.9375,-0.4625,-1.0656,-0.1250,-0.8000,-2.2719,0.2500,1358
59271,1052.5562,1058.3624,1055.6375,1061.4437,2.3125,3.9375,34.8750,-0.4625,-1.0781,0.0000,-0.7875,-2.2406,0.1250,1357
59311,1051.5937,1057.5749,1054.4250,1060.4062,2.2500,3.9375,34.8125,-0.4500,-1.0906,0.1250,-0.7875,-2.2031,0.0000,1356
59351,1051.3657,1057.2656,1054.7343,1060.6342,2.3125,3.9375,34.8125,-0.4625,-1.0969,-0.1250,-0.7875,-2.1625,0.0000,1356
59389,1052.5187,1058.6125,1055.3874,1061.4812,2.2500,4.0000,34.8125,-0.4500,-1.1094,0.1250,-0.8000,-2.1219,-0.1250,1357
59430,1053.5468,1059.3156,1056.6843,1062.4531,2.2500,4.0000,34.8750,-0.4500,-1.1187,0.0000,-0.8000,-2.0844,0.0000,1358
59470,1055.5718,1061.2781,1058.7218,1064.4281,2.2500,4.0000,34.9375,-0.4500,-1.1250,0.0000,-0.8000,-2.0531,0.0000,1360
59510,1056.8656,1062.5218,1059.4781,1065.1343,2.1250,4.0000,34.9375,-0.4250,-1.1312,0.2500,-0.8000,-2.0281,0.0000,1361
59550,1057.6374,1062.9812,1061.0187,1066.3625,2.1875,3.9375,35.0625,-0.4375,-1.1281,-0.1250,-0.7875,-2.0094,0.1250,1362
59590,1057.6562,1063.2187,1060.7812,1066.3437,2.1875,3.9375,35.1875,-0.4375,-1.1250,0.0000,-0.7875,-1.9937,0.0000,1362
59630,1057.5312,1063.3500,1060.6499,1066.4687,2.1875,4.0000,35.2500,-0.4375,-1.1219,0.0000,-0.8000,-1.9844,-0.1250,1362
59670,1057.5249,1063.0937,1060.9062,1066.4750,2.2500,4.0000,35.4375,-0.4500,-1.1156,-0.1250,-0.8000,-1.9844,0.0000,1362
59710,1057.5124,1063.6374,1060.3625,1066.4875,2.1875,4.1250,35.5625,-0.4375,-1.1125,0.1250,-0.8250,-1.9875,-0.2500,1362
59750,1057.4936,1063.6875,1060.3125,1066.5063,2.1250,4.2500,35.7500,-0.4250,-1.1094,0.1250,-0.8500,-1.9969,-0.2500,1362
59790,1055.0625,1061.3374,1058.6625,1064.9375,2.2500,4.3750,36.0000,-0.4500,-1.1000,-0.2500,-0.8750,-2.0125,-0.2500,1360
59830,1054.2686,1060.6312,1057.3687,1063.7313,2.2500,4.5000,36.1875,-0.4500,-1.1000,0.0000,-0.9000,-2.0313,-0.2500,1359
59870,1053.4937,1059.6812,1056.3187,1062.5062,2.1875,4.5625,36.3750,-0.4375,-1.1000,0.1250,-0.9125,-2.0563,-0.1250,1358
59910,1052.1937,1058.4625,1055.5374,1061.8062,2.2500,4.6250,36.6250,-0.4500,-1.0969,-0.1250,-0.9250,-2.0844,-0.1250,1357
59950,1051.5437,1057.6250,1054.3750,1060.4562,2.1875,4.6250,36.7500,-0.4375,-1.1031,0.1250,-0.9250,-2.1156,0.0000,1356
59990,1051.3843,1057.5343,1054.4656,1060.6156,2.1875,4.6250,37.0000,-0.4375,-1.1031,0.0000,-0.9250,-2.1500,0.0000,1356
60029,1052.2124,1058.1562,1055.8437,1061.7875,2.3125,4.5625,37.1875,-0.4625,-1.1031,-0.2500,-0.9125,-2.1844,0.1250,1357
60070,1053.5781,1059.5532,1056.4467,1062.4218,2.2500,4.5000,37.3750,-0.4500,-1.1094,0.1250,-0.9000,-2.2125,0.1250,1358
60110,1055.5781,1061.5781,1058.4218,1064.4218,2.1875,4.4375,37.5625,-0.4375,-1.1094,0.1250,-0.8875,-2.2375,0.1250,1360
60150,1056.3125,1062.3188,1059.6811,1065.6875,2.2500,4.3750,37.7500,-0.4500,-1.1094,-0.1250,-0.8750,-2.2531,0.1250,1361
60190,1057.4375,1063.7062,1060.2937,1066.5625,2.1875,4.3750,37.8750,-0.4375,-1.1156,0.1250,-0.8750,-2.2594,0.0000,1362
60230,1058.3155,1064.5843,1061.4156,1067.6844,2.1875,4.3750,38.0625,-0.4375,-1.1125,0.0000,-0.8750,-2.2594,0.0000,1363
60270,1058.1875,1064.4438,1061.5561,1067.8125,2.2500,4.3750,38.1875,-0.4500,-1.1094,-0.1250,-0.8750,-2.2531,0.0000,1363
60310,1058.4561,1064.6937,1061.3062,1067.5438,2.1875,4.3750,38.3125,-0.4375,-1.1125,0.1250,-0.8750,-2.2438,0.0000,1363
60350,1058.4843,1064.6967,1061.3032,1067.5156,2.1250,4.3750,38.4375,-0.4250,-1.1094,0.1250,-0.8750,-2.2313,0.0000,1363
60391,1058.2375,1064.4250,1061.5749,1067.7624,2.1875,4.3750,38.5000,-0.4375,-1.1062,-0.1250,-0.8750,-2.2188,0.0000,1363
60431,1057.6500,1063.5374,1060.4625,1066.3499,2.1250,4.3125,38.6250,-0.4250,-1.1062,0.1250,-0.8625,-2.2063,0.1250,1362
60471,1055.4218,1061.5344,1058.4655,1064.5781,2.1250,4.3125,38.6875,-0.4250,-1.0969,0.0000,-0.8625,-2.1938,0.0000,1360
60511,1054.3000,1060.3937,1057.6062,1063.6999,2.1875,4.3125,38.7500,-0.4375,-1.0906,-0.1250,-0.8625,-2.1844,0.0000,1359
60550,1054.7061,1060.7874,1057.2125,1063.2938,2.0625,4.3125,38.8125,-0.4125,-1.0906,0.2500,-0.8625,-2.1781,0.0000,1359
60591,1055.4687,1061.5437,1058.4562,1064.5312,2.0625,4.3125,38.8125,-0.4125,-1.0813,0.0000,-0.8625,-2.1750,0.0000,1360
60631,1057.4780,1063.5468,1060.4531,1066.5219,2.0625,4.3125,38.8125,-0.4125,-1.0750,0.0000,-0.8625,-2.1719,0.0000,1362
60670,1061.3500,1067.6875,1064.3125,1070.6499,2.0625,4.3750,38.8125,-0.4125,-1.0687,0.0000,-0.8750,-2.1688,-0.1250,1366
60710,1065.2094,1071.2968,1068.7031,1074.7905,2.1875,4.3750,38.8125,-0.4375,-1.0594,-0.2500,-0.8750,-2.1688,0.0000,1370
60750,1069.5969,1075.6843,1072.3156,1078.4030,2.1250,4.3750,38.7500,-0.4250,-1.0594,0.1250,-0.8750,-2.1688,0.0000,1374
60791,1073.3343,1079.6968,1076.3031,1082.6656,2.1250,4.4375,38.6250,-0.4250,-1.0594,0.0000,-0.8875,-2.1688,-0.1250,1378
60831,1078.3218,1084.1656,1081.8343,1087.6781,2.2500,4.3750,38.5625,-0.4500,-1.0562,-0.2500,-0.8750,-2.1719,0.1250,1383
60871,1082.4375,1088.8125,1085.1875,1091.5625,2.1875,4.4375,38.3750,-0.4375,-1.0625,0.1250,-0.8875,-2.1750,-0.1250,1387
60910,1086.4281,1092.5655,1089.4344,1095.5718,2.1875,4.4375,38.2500,-0.4375,-1.0656,0.0000,-0.8875,-2.1813,0.0000,1391
60950,1090.0093,1096.7093,1093.2906,1099.9906,2.2500,4.5625,38.0625,-0.4500,-1.0656,-0.1250,-0.9125,-2.1875,-0.2500,1395
60991,1093.8125,1101.1374,1096.8625,1104.1875,2.2500,4.8125,37.8125,-0.4500,-1.0750,0.0000,-0.9625,-2.2000,-0.5000,1399
61031,1094.4531,1102.2031,1097.7968,1105.5468,2.3125,5.1250,37.5625,-0.4625,-1.0844,-0.1250,-1.0250,-2.2250,-0.6250,1400
61071,1093.3249,1101.8312,1096.1687,1104.6750,2.2500,5.5625,37.1875,-0.4500,-1.0969,0.1250,-1.1125,-2.2656,-0.8750,1399
61110,1093.0438,1102.1187,1095.8812,1104.9561,2.1875,6.0625,36.8750,-0.4375,-1.1062,0.1250,-1.2125,-2.3250,-1.0000,1399
61150,1090.4594,1100.4531,1093.5468,1103.5405,2.1875,6.6875,36.5000,-0.4375,-1.1062,0.0000,-1.3375,-2.4094,-1.2500,1397
61191,1089.2155,1099.9655,1092.0344,1102.7844,2.1250,7.3750,36.1250,-0.4250,-1.1094,0.1250,-1.4750,-2.5250,-1.3750,1396
61231,1087.9437,1098.9874,1091.0125,1102.0562,2.1250,8.0000,35.7500,-0.4250,-1.1094,0.0000,-1.6000,-2.6719,-1.2500,1395
61271,1087.2313,1099.1624,1090.8375,1102.7686,2.2500,8.6875,35.3125,-0.4500,-1.1031,-0.2500,-1.7375,-2.8531,-1.3750,1395
61309,1088.5406,1100.6219,1091.3780,1103.4593,2.1875,9.2500,34.8750,-0.4375,-1.1062,0.1250,-1.8500,-3.0656,-1.1250,1396
61350,1086.2000,1098.7125,1089.2874,1101.7999,2.1875,9.7500,34.5000,-0.4375,-1.1062,0.0000,-1.9500,-3.3063,-1.0000,1394
61391,1082.2562,1094.6624,1085.3375,1097.7437,2.1875,10.0625,34.1250,-0.4375,-1.1031,0.0000,-2.0125,-3.5656,-0.6250,1390
61431,1078.3469,1091.1281,1080.8718,1093.6530,2.0625,10.3125,33.6875,-0.4125,-1.1000,0.2500,-2.0625,-3.8281,-0.5000,1386
61471,1074.2125,1086.5125,1077.4874,1089.7874,2.1250,10.3125,33.3125,-0.4250,-1.0875,-0.1250,-2.0625,-4.0875,0.0000,1382
61510,1068.5186,1080.7437,1071.2562,1083.4813,2.0625,10.1875,32.8750,-0.4125,-1.0813,0.1250,-2.0375,-4.3250,0.2500,1376
61550,1066.9062,1078.6687,1069.3312,1081.0937,1.9375,9.8750,32.5000,-0.3875,-1.0750,0.2500,-1.9750,-4.5313,0.6250,1374
61591,1065.7093,1077.1156,1068.8843,1080.2906,2.0000,9.4375,32.1250,-0.4000,-1.0625,-0.1250,-1.8875,-4.6906,0.8750,1373
61631,1065.9625,1076.8499,1069.1500,1080.0374,2.0625,8.8750,31.8125,-0.4125,-1.0562,-0.1250,-1.7750,-4.7938,1.1250,1373
61671,1066.4344,1076.6343,1069.3656,1079.5655,2.0625,8.1875,31.5000,-0.4125,-1.0531,0.0000,-1.6375,-4.8375,1.3750,1373
61710,1065.4687,1074.7937,1069.2062,1078.5312,2.2500,7.3750,31.2500,-0.4500,-1.0437,-0.3750,-1.4750,-4.8125,1.6250,1372
61750,1064.9594,1074.0468,1067.9531,1077.0405,2.2500,6.6250,30.9375,-0.4500,-1.0469,0.0000,-1.3250,-4.7188,1.5000,1371
61791,1064.2625,1072.4625,1067.5374,1075.7374,2.3125,5.8125,30.6875,-0.4625,-1.0500,-0.1250,-1.1625,-4.5625,1.6250,1370
61831,1063.4813,1070.9312,1067.0687,1074.5186,2.4375,5.0000,30.5000,-0.4875,-1.0562,-0.2500,-1.0000,-4.3500,1.6250,1369
61871,1062.5906,1070.0093,1065.9906,1073.4093,2.5000,4.3750,30.3125,-0.5000,-1.0750,-0.1250,-0.8750,-4.0844,1.2500,1368
61910,1062.8437,1069.6938,1066.3061,1073.1562,2.5625,3.8125,30.1875,-0.5125,-1.0937,-0.1250,-0.7625,-3.7875,1.1250,1368
61949,1064.2375,1070.5000,1067.5000,1073.7624,2.5625,3.3125,30.0625,-0.5125,-1.1187,0.0000,-0.6625,-3.4688,1.0000,1369
61990,1064.0843,1070.5906,1067.4093,1073.9156,2.5625,3.0625,30.0000,-0.5125,-1.1500,0.0000,-0.6125,-3.1406,0.5000,1369
62030,1065.1499,1071.4687,1068.5312,1074.8500,2.5625,2.9375,29.9375,-0.5125,-1.1781,0.0000,-0.5875,-2.8219,0.2500,1370
62070,1066.0344,1072.5344,1069.4655,1075.9655,2.5625,3.0000,29.9375,-0.5125,-1.2031,0.0000,-0.6000,-2.5250,-0.1250,1371
62110,1068.1187,1074.6749,1071.3250,1077.8812,2.5000,3.1875,29.9375,-0.5000,-1.2281,0.1250,-0.6375,-2.2656,-0.3750,1373
62150,1067.7406,1074.7781,1071.2218,1078.2593,2.5000,3.5625,29.9375,-0.5000,-1.2406,0.0000,-0.7125,-2.0563,-0.7500,1373
62190,1067.5312,1074.9624,1071.0375,1078.4687,2.5000,4.0625,30.0000,-0.5000,-1.2531,0.0000,-0.8125,-1.9031,-1.0000,1373
62230,1068.6468,1076.1031,1071.8968,1079.3531,2.4375,4.5625,30.0625,-0.4875,-1.2625,0.1250,-0.9125,-1.8156,-1.0000,1374
62270,1068.3062,1075.9188,1072.0811,1079.6937,2.5000,5.0625,30.1250,-0.5000,-1.2625,-0.1250,-1.0125,-1.7937,-1.0000,1374
62310,1068.4343,1076.5905,1071.4094,1079.5656,2.3750,5.6250,30.2500,-0.4750,-1.2625,0.2500,-1.1250,-1.8281,-1.1250,1374
62350,1066.2656,1074.5532,1069.4467,1077.7343,2.3125,6.1250,30.3750,-0.4625,-1.2531,0.1250,-1.2250,-1.9187,-1.0000,1372
62390,1065.0500,1073.5437,1068.4562,1076.9499,2.3125,6.5625,30.5625,-0.4625,-1.2406,0.0000,-1.3125,-2.0594,-0.8750,1371
62430,1064.3499,1072.5438,1067.4561,1075.6500,2.2500,6.8125,30.7500,-0.4500,-1.2281,0.1250,-1.3625,-2.2344,-0.5000,1370
62470,1062.2718,1070.4031,1065.5968,1073.7281,2.2500,6.9375,30.9375,-0.4500,-1.2125,0.0000,-1.3875,-2.4281,-0.2500,1368
62510,1061.2031,1069.5031,1064.4968,1072.7968,2.2500,7.0000,31.1875,-0.4500,-1.1969,0.0000,-1.4000,-2.6250,-0.1250,1367
62550,1061.5625,1069.4438,1064.5561,1072.4375,2.1875,6.8750,31.3750,-0.4375,-1.1844,0.1250,-1.3750,-2.8156,0.2500,1367
62589,1063.4499,1071.0625,1066.9375,1074.5500,2.2500,6.6250,31.6875,-0.4500,-1.1687,-0.1250,-1.3250,-2.9813,0.5000,1369
62630,1064.7844,1072.2780,1067.7219,1075.2155,2.1875,6.3125,31.9375,-0.4375,-1.1562,0.1250,-1.2625,-3.1094,0.6250,1370
62670,1065.7843,1073.0531,1068.9468,1076.2156,2.1875,5.9375,32.1875,-0.4375,-1.1438,0.0000,-1.1875,-3.1969,0.7500,1371
62710,1067.6937,1075.1749,1070.8250,1078.3062,2.1875,5.6250,32.4375,-0.4375,-1.1281,0.0000,-1.1250,-3.2406,0.6250,1373
62750,1069.0406,1075.5718,1072.4281,1078.9593,2.2500,5.1250,32.7500,-0.4500,-1.1187,-0.1250,-1.0250,-3.2406,1.0000,1374
62790,1069.1812,1075.9625,1072.0374,1078.8187,2.1875,4.7500,33.0000,-0.4375,-1.1156,0.1250,-0.9500,-3.1906,0.7500,1374
62830,1068.9531,1075.6782,1072.3217,1079.0468,2.2500,4.4375,33.3125,-0.4500,-1.1094,-0.1250,-0.8875,-3.1000,0.6250,1374
62870,1068.9843,1075.8969,1072.1030,1079.0156,2.2500,4.2500,33.5625,-0.4500,-1.1094,0.0000,-0.8500,-2.9813,0.3750,1374
62910,1069.2937,1076.1374,1071.8625,1078.7062,2.1250,4.1250,33.8125,-0.4250,-1.1094,0.2500,-0.8250,-2.8469,0.2500,1374
62951,1068.8062,1075.8624,1072.1375,1079.1937,2.1875,4.1250,34.0625,-0.4375,-1.1031,-0.1250,-0.8250,-2.7031,0.0000,1374
62991,1067.9312,1074.9874,1071.0125,1078.0687,2.1875,4.1875,34.3750,-0.4375,-1.1031,0.0000,-0.8375,-2.5656,-0.1250,1373
63031,1065.9062,1073.2937,1068.7062,1076.0937,2.1250,4.3750,34.6250,-0.4250,-1.1000,0.1250,-0.8750,-2.4438,-0.3750,1371
63070,1064.7061,1071.9749,1068.0250,1075.2938,2.1875,4.5625,34.8750,-0.4375,-1.0969,-0.1250,-0.9125,-2.3469,-0.3750,1370
63110,1064.0000,1071.2062,1066.7937,1074.0000,2.1250,4.7500,35.1250,-0.4250,-1.0969,0.1250,-0.9500,-2.2781,-0.3750,1369
63151,1062.7468,1069.9406,1066.0593,1073.2531,2.1875,4.9375,35.3750,-0.4375,-1.0937,-0.1250,-0.9875,-2.2344,-0.3750,1368
63191,1062.7093,1069.6844,1066.3155,1073.2906,2.3125,5.0625,35.6250,-0.4625,-1.0906,-0.2500,-1.0125,-2.2250,-0.2500,1368
63232,1063.9125,1070.9687,1067.0312,1074.0874,2.3125,5.1875,35.8125,-0.4625,-1.0969,0.0000,-1.0375,-2.2406,-0.2500,1369
63270,1065.9843,1072.6157,1069.3842,1076.0156,2.3750,5.1875,36.0000,-0.4750,-1.1000,-0.1250,-1.0375,-2.2781,0.0000,1371
63310,1066.7812,1073.5063,1070.4936,1077.2187,2.5000,5.1875,36.1875,-0.5000,-1.1062,-0.2500,-1.0375,-2.3250,0.0000,1372
63351,1068.9593,1075.7906,1072.2093,1079.0406,2.5000,5.1875,36.3125,-0.5000,-1.1250,0.0000,-1.0375,-2.3781,0.0000,1374
63391,1070.7530,1077.4156,1074.5843,1081.2469,2.6250,5.1250,36.5000,-0.5250,-1.1406,-0.2500,-1.0250,-2.4313,0.1250,1376
63431,1071.6718,1078.6782,1075.3217,1082.3281,2.6875,5.1250,36.5625,-0.5375,-1.1625,-0.1250,-1.0250,-2.4781,0.0000,1377
63470,1071.8687,1078.9500,1075.0499,1082.1312,2.6250,5.1250,36.6250,-0.5250,-1.1906,0.1250,-1.0250,-2.5156,0.0000,1377
63510,1072.2812,1079.9687,1076.0312,1083.7187,2.6875,5.2500,36.6875,-0.5375,-1.2125,-0.1250,-1.0500,-2.5438,-0.2500,1378
63551,1072.3281,1080.1157,1075.8842,1083.6718,2.6875,5.3750,36.6875,-0.5375,-1.2406,0.0000,-1.0750,-2.5688,-0.2500,1378
63591,1072.1187,1080.2750,1075.7249,1083.8812,2.6875,5.5625,36.6875,-0.5375,-1.2656,0.0000,-1.1125,-2.5906,-0.3750,1378
63631,1071.0374,1079.0438,1074.9561,1082.9625,2.7500,5.6875,36.6875,-0.5500,-1.2844,-0.1250,-1.1375,-2.6156,-0.2500,1377
63670,1069.9531,1078.3344,1073.6655,1082.0468,2.7500,5.8750,36.5625,-0.5500,-1.3062,0.0000,-1.1750,-2.6406,-0.3750,1376
63710,1068.8625,1077.3874,1072.6125,1081.1374,2.7500,6.0625,36.4375,-0.5500,-1.3250,0.0000,-1.2125,-2.6750,-0.3750,1375
63751,1067.0438,1075.1812,1070.8187,1078.9561,2.7500,6.1250,36.3750,-0.5500,-1.3375,0.0000,-1.2250,-2.7188,-0.1250,1373
63791,1065.9719,1074.5031,1069.4968,1078.0280,2.6875,6.2500,36.1875,-0.5375,-1.3500,0.1250,-1.2500,-2.7656,-0.2500,1372
63831,1066.1749,1074.3187,1069.6812,1077.8250,2.6250,6.2500,36.0000,-0.5250,-1.3531,0.1250,-1.2500,-2.8219,0.0000,1372
63869,1068.1343,1076.1156,1071.8843,1079.8656,2.6250,6.1875,35.8125,-0.5250,-1.3500,0.0000,-1.2375,-2.8781,0.1250,1374
63910,1069.3686,1077.1562,1072.8437,1080.6313,2.5625,6.0625,35.6250,-0.5125,-1.3500,0.1250,-1.2125,-2.9313,0.2500,1375
63951,1070.3719,1077.9156,1074.0843,1081.6280,2.5625,5.8750,35.3750,-0.5125,-1.3437,0.0000,-1.1750,-2.9719,0.3750,1376
63991,1071.5280,1079.0468,1074.9531,1082.4719,2.5000,5.6875,35.1250,-0.5000,-1.3375,0.1250,-1.1375,-2.9969,0.3750,1377
64031,1073.5811,1081.0374,1076.9625,1084.4188,2.4375,5.5000,34.8125,-0.4875,-1.3281,0.1250,-1.1000,-3.0031,0.3750,1379
64070,1073.5186,1080.8812,1077.1187,1084.4813,2.4375,5.3125,34.5625,-0.4875,-1.3125,0.0000,-1.0625,-2.9938,0.3750,1379
64110,1073.4625,1081.2437,1076.7562,1084.5374,2.3750,5.2500,34.2500,-0.4750,-1.2969,0.1250,-1.0500,-2.9656,0.1250,1379
64151,1073.4094,1081.3593,1076.6406,1084.5905,2.3125,5.2500,33.9375,-0.4625,-1.2781,0.1250,-1.0500,-2.9250,0.0000,1379
64191,1073.0750,1081.2125,1076.7874,1084.9249,2.3750,5.3125,33.6250,-0.4750,-1.2562,-0.1250,-1.0625,-2.8813,-0.1250,1379
64231,1073.2500,1081.5937,1076.4062,1084.7500,2.3125,5.4375,33.3125,-0.4625,-1.2406,0.1250,-1.0875,-2.8344,-0.2500,1379
64270,1071.0187,1079.6062,1074.3937,1082.9812,2.3125,5.6250,33.0000,-0.4625,-1.2250,0.0000,-1.1250,-2.7938,-0.3750,1377
64310,1070.0250,1078.3563,1073.6436,1081.9749,2.3750,5.7500,32.6250,-0.4750,-1.2094,-0.1250,-1.1500,-2.7656,-0.2500,1376
64351,1069.1500,1077.7750,1072.2249,1080.8499,2.3125,5.9375,32.3125,-0.4625,-1.2000,0.1250,-1.1875,-2.7500,-0.3750,1375
64391,1068.1343,1076.5655,1071.4344,1079.8656,2.3125,6.0625,32.0000,-0.4625,-1.1875,0.0000,-1.2125,-2.7531,-0.2500,1374
64431,1067.2374,1075.7562,1070.2437,1078.7625,2.2500,6.1875,31.7500,-0.4500,-1.1781,0.1250,-1.2375,-2.7719,-0.2500,1373
64470,1067.3375,1075.4249,1070.5750,1078.6624,2.2500,6.1875,31.4375,-0.4500,-1.1687,0.0000,-1.2375,-2.8063,0.0000,1373
64509,1068.3032,1076.2031,1071.7968,1079.6967,2.3125,6.1250,31.2500,-0.4625,-1.1594,-0.1250,-1.2250,-2.8500,0.1250,1374
64550,1069.4000,1077.3624,1072.6375,1080.5999,2.3125,6.0625,31.0000,-0.4625,-1.1562,0.0000,-1.2125,-2.8937,0.1250,1375
64590,1070.5093,1078.2530,1073.7469,1081.4906,2.3125,5.9375,30.8125,-0.4625,-1.1562,0.0000,-1.1875,-2.9344,0.2500,1376
64630,1071.3686,1079.1250,1074.8750,1082.6313,2.3750,5.8125,30.6875,-0.4750,-1.1531,-0.1250,-1.1625,-2.9656,0.2500,1377
64670,1072.4968,1080.5156,1075.4843,1083.5031,2.3125,5.7500,30.5000,-0.4625,-1.1562,0.1250,-1.1500,-2.9844,0.1250,1378
64710,1072.3780,1080.3843,1075.6156,1083.6219,2.3125,5.6875,30.4375,-0.4625,-1.1562,0.0000,-1.1375,-2.9906,0.1250,1378
64750,1072.2592,1080.2343,1075.7656,1083.7407,2.3750,5.6250,30.3750,-0.4750,-1.1531,-0.1250,-1.1250,-2.9875,0.1250,1378
64790,1072.1343,1080.6031,1075.3968,1083.8656,2.3750,5.6875,30.2500,-0.4750,-1.1562,0.0000,-1.1375,-2.9719,-0.1250,1378
64830,1072.1374,1080.5937,1075.4062,1083.8625,2.3750,5.7500,30.2500,-0.4750,-1.1594,0.0000,-1.1500,-2.9531,-0.1250,1378
64870,1071.7281,1080.1656,1075.8343,1084.2718,2.5625,5.8125,30.2500,-0.5125,-1.1656,-0.3750,-1.1625,-2.9313,-0.1250,1378
64910,1070.9562,1079.6562,1074.3437,1083.0437,2.5625,5.9375,30.2500,-0.5125,-1.1812,0.0000,-1.1875,-2.9125,-0.2500,1377
64950,1069.7906,1078.5218,1073.4781,1082.2093,2.6250,6.0625,30.3125,-0.5250,-1.1937,-0.1250,-1.2125,-2.9031,-0.2500,1376
64990,1068.0125,1076.2437,1071.7562,1079.9874,2.6875,6.0625,30.3750,-0.5375,-1.2094,-0.1250,-1.2125,-2.9031,0.0000,1374
65030,1067.2500,1075.4936,1070.5063,1078.7500,2.6250,6.0625,30.4375,-0.5250,-1.2281,0.1250,-1.2125,-2.9094,0.0000,1373
65070,1066.3750,1074.0937,1069.9062,1077.6250,2.6250,5.9375,30.5625,-0.5250,-1.2406,0.0000,-1.1875,-2.9219,0.2500,1372
65110,1066.3750,1074.0625,1069.9375,1077.6250,2.6250,5.8125,30.6250,-0.5250,-1.2562,0.0000,-1.1625,-2.9313,0.2500,1372
65149,1067.5156,1075.1655,1070.8344,1078.4843,2.5625,5.6875,30.7500,-0.5125,-1.2719,0.1250,-1.1375,-2.9375,0.2500,1373
65190,1068.4030,1075.7343,1072.2656,1079.5969,2.6250,5.5000,30.9375,-0.5250,-1.2812,-0.1250,-1.1000,-2.9406,0.3750,1374
65230,1069.5625,1077.0749,1072.9250,1080.4375,2.5625,5.3750,31.1250,-0.5125,-1.2937,0.1250,-1.0750,-2.9313,0.2500,1375
65270,1071.6093,1079.0344,1074.9655,1082.3906,2.5000,5.2500,31.3125,-0.5000,-1.3031,0.1250,-1.0500,-2.9125,0.2500,1377
65310,1073.1281,1080.7219,1077.2780,1084.8718,2.6250,5.1875,31.5000,-0.5250,-1.3000,-0.2500,-1.0375,-2.8844,0.1250,1379
65350,1073.4250,1080.9187,1077.0812,1084.5749,2.6250,5.1250,31.6250,-0.5250,-1.3031,0.0000,-1.0250,-2.8469,0.1250,1379
65390,1073.4843,1081.1342,1076.8657,1084.5156,2.5625,5.1250,31.8750,-0.5125,-1.3031,0.1250,-1.0250,-2.8000,0.0000,1379
65430,1073.0000,1080.8312,1077.1687,1085.0000,2.6875,5.1875,32.0625,-0.5375,-1.2969,-0.2500,-1.0375,-2.7531,-0.1250,1379
65470,1073.4156,1081.1844,1076.8155,1084.5843,2.6250,5.2500,32.2500,-0.5250,-1.3000,0.1250,-1.0500,-2.7094,-0.1250,1379
65511,1073.9000,1082.1749,1077.8250,1086.0999,2.6875,5.4375,32.4375,-0.5375,-1.3000,-0.1250,-1.0875,-2.6750,-0.3750,1380
65551,1073.0030,1081.0406,1076.9593,1084.9969,2.7500,5.5625,32.6250,-0.5500,-1.3031,-0.1250,-1.1125,-2.6563,-0.2500,1379
65591,1072.2374,1080.5875,1075.4124,1083.7625,2.6250,5.7500,32.7500,-0.5250,-1.3125,0.2500,-1.1500,-2.6500,-0.3750,1378
65631,1069.9375,1078.1125,1073.8874,1082.0625,2.6875,5.8750,33.0000,-0.5375,-1.3125,-0.1250,-1.1750,-2.6625,-0.2500,1376
65670,1068.7312,1077.2812,1072.7187,1081.2687,2.7500,6.0625,33.1250,-0.5500,-1.3187,-0.1250,-1.2125,-2.6875,-0.3750,1375
65712,1068.1781,1076.3343,1071.6656,1079.8218,2.6875,6.1250,33.3125,-0.5375,-1.3313,0.1250,-1.2250,-2.7281,-0.1250,1374
65751,1068.1281,1076.1281,1071.8718,1079.8718,2.6875,6.1250,33.5000,-0.5375,-1.3344,0.0000,-1.2250,-2.7750,0.0000,1374
65790,1069.3499,1077.1749,1072.8250,1080.6500,2.6250,6.0625,33.6250,-0.5250,-1.3375,0.1250,-1.2125,-2.8250,0.1250,1375
65831,1070.4625,1078.0811,1073.9188,1081.5374,2.5625,5.9375,33.8125,-0.5125,-1.3406,0.1250,-1.1875,-2.8719,0.2500,1376
65871,1071.1937,1079.1124,1074.8875,1082.8062,2.5625,5.8750,33.9375,-0.5125,-1.3344,0.0000,-1.1750,-2.9094,0.1250,1377
65911,1072.4531,1080.1342,1075.8657,1083.5468,2.5000,5.7500,34.0625,-0.5000,-1.3313,0.1250,-1.1500,-2.9406,0.2500,1378
65951,1074.0718,1082.0093,1077.9906,1085.9281,2.5625,5.6875,34.2500,-0.5125,-1.3219,-0.1250,-1.1375,-2.9562,0.1250,1380
65991,1074.2125,1082.1375,1077.8624,1085.7874,2.5625,5.6250,34.3125,-0.5125,-1.3125,0.0000,-1.1250,-2.9625,0.1250,1380
66030,1074.0968,1082.2593,1077.7406,1085.9031,2.5625,5.6250,34.4375,-0.5125,-1.3094,0.0000,-1.1250,-2.9562,0.0000,1380
66070,1073.8405,1082.5280,1077.4719,1086.1594,2.5625,5.7500,34.5000,-0.5125,-1.3031,0.0000,-1.1500,-2.9438,-0.2500,1380
66111,1073.9781,1082.4093,1077.5906,1086.0218,2.5625,5.8125,34.5625,-0.5125,-1.2937,0.0000,-1.1625,-2.9281,-0.1250,1380
66151,1073.7124,1082.6875,1077.3125,1086.2875,2.5625,6.0000,34.5625,-0.5125,-1.2875,0.0000,-1.2000,-2.9125,-0.3750,1380
66191,1072.5499,1081.5875,1076.4124,1085.4500,2.6250,6.1875,34.5000,-0.5250,-1.2812,-0.1250,-1.2375,-2.9063,-0.3750,1379
66230,1070.6312,1079.7562,1074.2437,1083.3687,2.6250,6.3750,34.5000,-0.5250,-1.2812,0.0000,-1.2750,-2.9125,-0.3750,1377
66270,1069.7062,1078.9499,1073.0500,1082.2937,2.5625,6.5625,34.4375,-0.5125,-1.2844,0.1250,-1.3125,-2.9344,-0.3750,1376
66311,1068.2343,1077.6218,1072.3781,1081.7656,2.6875,6.7500,34.3750,-0.5375,-1.2844,-0.2500,-1.3500,-2.9688,-0.3750,1375
66351,1067.8000,1076.8125,1071.1875,1080.1999,2.6250,6.8125,34.2500,-0.5250,-1.2937,0.1250,-1.3625,-3.0188,-0.1250,1374
66391,1067.8781,1076.7531,1071.2468,1080.1218,2.5625,6.8125,34.1875,-0.5125,-1.2969,0.1250,-1.3625,-3.0750,0.0000,1374
66429,1068.9687,1077.4125,1072.5874,1081.0312,2.5625,6.6875,34.1250,-0.5125,-1.2969,0.0000,-1.3375,-3.1344,0.2500,1375
66470,1070.0781,1078.3032,1073.6967,1081.9218,2.5625,6.5000,34.0000,-0.5125,-1.2969,0.0000,-1.3000,-3.1875,0.3750,1376
66511,1072.2156,1080.1656,1075.8343,1083.7843,2.5625,6.2500,33.9375,-0.5125,-1.2969,0.0000,-1.2500,-3.2250,0.5000,1378
66551,1073.1062,1081.0000,1077.0000,1084.8937,2.6250,6.0000,33.8750,-0.5250,-1.2969,-0.1250,-1.2000,-3.2469,0.5000,1379
66591,1074.1406,1082.2094,1077.7905,1085.8593,2.6250,5.8125,33.7500,-0.5250,-1.3000,0.0000,-1.1625,-3.2469,0.3750,1380
66630,1074.3344,1082.0156,1077.9843,1085.6655,2.6250,5.5625,33.6875,-0.5250,-1.3000,0.0000,-1.1125,-3.2281,0.5000,1380
66670,1074.0124,1082.0625,1077.9375,1085.9875,2.6875,5.4375,33.5625,-0.5375,-1.3000,-0.1250,-1.0875,-3.1875,0.2500,1380
66711,1074.3499,1082.2374,1077.7625,1085.6500,2.6250,5.3125,33.4375,-0.5250,-1.3062,0.1250,-1.0625,-3.1313,0.2500,1380
66751,1074.1875,1082.4311,1077.5688,1085.8125,2.5625,5.3125,33.3125,-0.5125,-1.3031,0.1250,-1.0625,-3.0594,0.0000,1380
66791,1074.1406,1082.7844,1077.2155,1085.8593,2.4375,5.4375,33.1875,-0.4875,-1.3000,0.2500,-1.0875,-2.9844,-0.2500,1380
66830,1072.9405,1081.7718,1076.2281,1085.0594,2.3750,5.6250,33.0625,-0.4750,-1.2937,0.1250,-1.1250,-2.9156,-0.3750,1379
66870,1071.8405,1080.6406,1075.3593,1084.1594,2.3750,5.8125,32.9375,-0.4750,-1.2844,0.0000,-1.1625,-2.8625,-0.3750,1378
66911,1070.7093,1079.7906,1074.2093,1083.2906,2.3750,6.0625,32.7500,-0.4750,-1.2750,0.0000,-1.2125,-2.8281,-0.5000,1377
66951,1068.8156,1077.7031,1072.2968,1081.1843,2.3750,6.2500,32.6875,-0.4750,-1.2656,0.0000,-1.2500,-2.8188,-0.3750,1375
66990,1067.9156,1076.6280,1071.3719,1080.0843,2.3750,6.3750,32.5625,-0.4750,-1.2531,0.0000,-1.2750,-2.8312,-0.2500,1374
67030,1068.0125,1076.5562,1071.4437,1079.9874,2.3750,6.4375,32.4375,-0.4750,-1.2406,0.0000,-1.2875,-2.8594,-0.1250,1374
67069,1069.2437,1077.3499,1072.6500,1080.7562,2.3750,6.3750,32.3750,-0.4750,-1.2281,0.0000,-1.2750,-2.9031,0.1250,1375
67110,1070.3625,1078.2624,1073.7375,1081.6374,2.3750,6.2500,32.3125,-0.4750,-1.2125,0.0000,-1.2500,-2.9500,0.2500,1376
67150,1072.3530,1080.2968,1075.7031,1083.6469,2.3750,6.1250,32.2500,-0.4750,-1.2000,0.0000,-1.2250,-2.9969,0.2500,1378
67190,1073.2093,1080.9093,1077.0906,1084.7906,2.5000,5.9375,32.2500,-0.5000,-1.1906,-0.2500,-1.1875,-3.0375,0.3750,1379
67230,1074.3312,1082.2812,1077.7187,1085.6687,2.5000,5.8125,32.1875,-0.5000,-1.1937,0.0000,-1.1625,-3.0625,0.2500,1380
67270,1074.0656,1081.9843,1078.0156,1085.9343,2.6250,5.6875,32.1875,-0.5250,-1.2000,-0.2500,-1.1375,-3.0719,0.2500,1380
67310,1074.0593,1082.1906,1077.8093,1085.9406,2.6875,5.6250,32.1875,-0.5375,-1.2125,-0.1250,-1.1250,-3.0656,0.1250,1380
67350,1073.9281,1082.5406,1077.4593,1086.0718,2.6875,5.6875,32.1250,-0.5375,-1.2281,0.0000,-1.1375,-3.0438,-0.1250,1380
67390,1073.9281,1082.7843,1077.2156,1086.0718,2.6250,5.8125,32.1250,-0.5250,-1.2437,0.1250,-1.1625,-3.0156,-0.2500,1380
67430,1073.5187,1082.6437,1077.3562,1086.4812,2.6875,6.0000,32.1250,-0.5375,-1.2562,-0.1250,-1.2000,-2.9875,-0.3750,1380
67470,1072.4750,1081.9062,1076.0937,1085.5249,2.6875,6.2500,32.1250,-0.5375,-1.2719,0.0000,-1.2500,-2.9656,-0.5000,1379
67510,1070.5532,1079.7968,1074.2031,1083.4467,2.6875,6.4375,32.1250,-0.5375,-1.2875,0.0000,-1.2875,-2.9594,-0.3750,1377
67550,1069.4907,1078.8281,1073.1718,1082.5092,2.6875,6.6250,32.1875,-0.5375,-1.3031,0.0000,-1.3250,-2.9688,-0.3750,1376
67590,1068.5500,1078.0124,1071.9875,1081.4499,2.6250,6.8125,32.1875,-0.5250,-1.3187,0.1250,-1.3625,-2.9938,-0.3750,1375
67630,1067.8874,1076.6875,1071.3125,1080.1125,2.5625,6.8125,32.3125,-0.5125,-1.3250,0.1250,-1.3625,-3.0375,0.0000,1374
67670,1068.2593,1076.8843,1071.1156,1079.7406,2.3750,6.7500,32.3750,-0.4750,-1.3281,0.3750,-1.3500,-3.0875,0.1250,1374
67709,1069.4062,1077.5625,1072.4375,1080.5937,2.2500,6.5625,32.5625,-0.4500,-1.3156,0.2500,-1.3125,-3.1406,0.3750,1375
67750,1070.5812,1078.4812,1073.5187,1081.4187,2.1250,6.3125,32.7500,-0.4250,-1.2937,0.2500,-1.2625,-3.1875,0.5000,1376
67790,1071.6530,1079.5156,1074.4843,1082.3469,2.0000,6.0625,32.9375,-0.4000,-1.2656,0.2500,-1.2125,-3.2188,0.5000,1377
67830,1073.8843,1080.8468,1077.1531,1084.1156,2.0000,5.6250,33.1875,-0.4000,-1.2344,0.0000,-1.1250,-3.2313,0.8750,1379
67870,1074.7500,1082.3249,1077.6750,1085.2500,1.9375,5.3750,33.3750,-0.3875,-1.2000,0.1250,-1.0750,-3.2125,0.5000,1380
67910,1075.1688,1082.0062,1077.9937,1084.8311,1.8750,5.0000,33.6250,-0.3750,-1.1625,0.1250,-1.0000,-3.1688,0.7500,1380
67950,1075.0937,1081.9125,1078.0874,1084.9062,1.8750,4.6875,33.9375,-0.3750,-1.1219,0.0000,-0.9375,-3.0969,0.6250,1380
67990,1075.2937,1082.3437,1077.6562,1084.7062,1.7500,4.5000,34.2500,-0.3500,-1.0813,0.2500,-0.9000,-3.0000,0.3750,1380
68030,1074.9655,1082.5344,1077.4655,1085.0344,1.6875,4.5000,34.6250,-0.3375,-1.0375,0.1250,-0.9000,-2.8844,0.0000,1380
68071,1075.0000,1083.1625,1076.8374,1085.0000,1.5000,4.6875,34.9375,-0.3000,-0.9938,0.3750,-0.9375,-2.7688,-0.3750,1380
68111,1073.7343,1082.3156,1075.6843,1084.2656,1.3750,5.0000,35.3125,-0.2750,-0.9500,0.2500,-1.0000,-2.6656,-0.6250,1379
68151,1071.4062,1080.2312,1073.7687,1082.5937,1.3750,5.3750,35.6875,-0.2750,-0.9062,0.0000,-1.0750,-2.5875,-0.7500,1377
68190,1070.1406,1079.8469,1072.1530,1081.8593,1.3125,5.9375,36.0625,-0.2625,-0.8688,0.1250,-1.1875,-2.5406,-1.1250,1376
68230,1068.2562,1078.1749,1071.8250,1081.7437,1.6250,6.5000,36.5000,-0.3250,-0.8344,-0.6250,-1.3000,-2.5344,-1.1250,1375
68271,1067.0562,1077.2874,1070.7125,1080.9437,1.9375,7.0625,36.9375,-0.3875,-0.8156,-0.6250,-1.4125,-2.5781,-1.1250,1374
68311,1067.0717,1077.4218,1070.5781,1080.9282,2.1875,7.5625,37.3750,-0.4375,-0.8156,-0.5000,-1.5125,-2.6625,-1.0000,1374
68350,1068.1906,1078.1718,1071.8281,1081.8093,2.4375,7.8750,37.8750,-0.4875,-0.8312,-0.5000,-1.5750,-2.7906,-0.6250,1375
68390,1069.4405,1079.0406,1072.9593,1082.5594,2.6250,8.0000,38.3125,-0.5250,-0.8594,-0.3750,-1.6000,-2.9500,-0.2500,1376
68430,1071.7093,1080.8843,1075.1156,1084.2906,2.7500,7.9375,38.8125,-0.5500,-0.9031,-0.2500,-1.5875,-3.1250,0.1250,1378
68471,1072.7469,1081.4156,1076.5843,1085.2530,2.9375,7.6875,39.3125,-0.5875,-0.9562,-0.3750,-1.5375,-3.2969,0.5000,1379
68511,1073.9499,1082.2687,1077.7312,1086.0500,3.0625,7.3125,39.7500,-0.6125,-1.0281,-0.2500,-1.4625,-3.4469,0.7500,1380
68551,1074.3499,1081.9249,1078.0750,1085.6500,3.1250,6.7500,40.1875,-0.6250,-1.1125,-0.1250,-1.3500,-3.5625,1.1250,1380
68590,1073.8812,1081.6436,1078.3563,1086.1187,3.3125,6.2500,40.5625,-0.6625,-1.2000,-0.3750,-1.2500,-3.6313,1.0000,1380
68630,1073.8281,1081.4218,1078.5781,1086.1718,3.5000,5.7500,40.9375,-0.7000,-1.3000,-0.3750,-1.1500,-3.6469,1.0000,1380
68671,1074.2468,1081.8405,1078.1594,1085.7531,3.4375,5.3125,41.2500,-0.6875,-1.3938,0.1250,-1.0625,-3.6094,0.8750,1380
68711,1073.8093,1081.8781,1078.1218,1086.1906,3.4375,5.0625,41.5625,-0.6875,-1.4687,0.0000,-1.0125,-3.5219,0.5000,1380
68751,1072.6468,1081.1905,1076.8094,1085.3531,3.3750,5.0000,41.8125,-0.6750,-1.5312,0.1250,-1.0000,-3.3969,0.1250,1379
68790,1070.4937,1079.2750,1074.7249,1083.5062,3.3125,5.0625,42.0625,-0.6625,-1.5781,0.1250,-1.0125,-3.2531,-0.1250,1377
68830,1069.3312,1078.3937,1073.6062,1082.6687,3.2500,5.2500,42.2500,-0.6500,-1.6125,0.1250,-1.0500,-3.1063,-0.3750,1376
68871,1068.0030,1077.6968,1072.3031,1081.9969,3.1875,5.6250,42.3750,-0.6375,-1.6375,0.1250,-1.1250,-2.9719,-0.7500,1375
68911,1067.1688,1076.8062,1071.1937,1080.8311,3.0625,6.0000,42.5625,-0.6125,-1.6500,0.2500,-1.2000,-2.8688,-0.7500,1374
68951,1067.3218,1076.9781,1071.0218,1080.6781,2.8750,6.3750,42.6875,-0.5750,-1.6500,0.3750,-1.2750,-2.8031,-0.7500,1374
68989,1068.3155,1078.0843,1071.9156,1081.6844,2.6875,6.7500,42.7500,-0.5375,-1.6375,0.3750,-1.3500,-2.7844,-0.7500,1375
69030,1070.6968,1079.8406,1074.1593,1083.3031,2.5000,6.9375,42.8125,-0.5000,-1.6062,0.3750,-1.3875,-2.8094,-0.3750,1377
69071,1072.0999,1080.8875,1075.1124,1083.9000,2.2500,7.0000,42.8125,-0.4500,-1.5562,0.5000,-1.4000,-2.8688,-0.1250,1378
69111,1073.2500,1081.4062,1076.5937,1084.7500,2.1250,6.8750,42.8125,-0.4250,-1.4969,0.2500,-1.3750,-2.9531,0.2500,1379
69151,1074.2750,1082.2874,1077.7125,1085.7249,2.0625,6.6875,42.8125,-0.4125,-1.4312,0.1250,-1.3375,-3.0438,0.3750,1380
69190,1074.5812,1082.1374,1077.8625,1085.4187,2.0000,6.3750,42.7500,-0.4000,-1.3656,0.1250,-1.2750,-3.1281,0.6250,1380
69230,1074.6562,1082.2187,1077.7812,1085.3437,1.9375,6.0625,42.6250,-0.3875,-1.3000,0.1250,-1.2125,-3.1938,0.6250,1380
69271,1074.7562,1082.2750,1077.7249,1085.2437,1.8750,5.7500,42.5000,-0.3750,-1.2344,0.1250,-1.1500,-3.2344,0.6250,1380
69311,1074.6157,1082.2968,1077.7031,1085.3842,1.8750,5.5000,42.3125,-0.3750,-1.1687,0.0000,-1.1000,-3.2406,0.5000,1380
69351,1074.6124,1082.6937,1077.3062,1085.3875,1.8125,5.3750,42.0625,-0.3625,-1.1094,0.1250,-1.0750,-3.2156,0.2500,1380
69390,1073.4781,1081.4093,1076.5906,1084.5218,1.8750,5.2500,41.8750,-0.3750,-1.0562,-0.1250,-1.0500,-3.1656,0.2500,1379
69430,1071.1938,1079.7500,1074.2500,1082.8061,1.9375,5.3125,41.5625,-0.3875,-1.0156,-0.1250,-1.0625,-3.0906,-0.1250,1377
69470,1070.2780,1078.9719,1073.0280,1081.7219,1.9375,5.4375,41.3125,-0.3875,-0.9875,0.0000,-1.0875,-3.0094,-0.2500,1376
69510,1069.3469,1077.9343,1072.0656,1080.6530,1.9375,5.5625,41.0625,-0.3875,-0.9719,0.0000,-1.1125,-2.9313,-0.2500,1375
69550,1068.1218,1076.9030,1071.0969,1079.8781,2.0000,5.7500,40.7500,-0.4000,-0.9625,-0.1250,-1.1500,-2.8656,-0.3750,1374
69590,1068.1219,1076.8843,1071.1156,1079.8780,2.0625,5.9375,40.4375,-0.4125,-0.9594,-0.1250,-1.1875,-2.8188,-0.3750,1374
69629,1069.5030,1078.0218,1071.9781,1080.4969,2.0000,6.0625,40.1875,-0.4000,-0.9625,0.1250,-1.2125,-2.7969,-0.2500,1375
69670,1070.2125,1078.5062,1073.4937,1081.7874,2.1250,6.1250,39.9375,-0.4250,-0.9656,-0.2500,-1.2250,-2.7969,-0.1250,1376
69710,1071.4187,1079.5000,1074.5000,1082.5812,2.1875,6.1250,39.6250,-0.4375,-0.9781,-0.1250,-1.2250,-2.8156,0.0000,1377
69750,1073.6343,1081.5030,1076.4969,1084.3656,2.1875,6.0625,39.3750,-0.4375,-0.9938,0.0000,-1.2125,-2.8469,0.1250,1379
69790,1074.4562,1082.0937,1077.9062,1085.5437,2.3125,5.9375,39.1250,-0.4625,-1.0125,-0.2500,-1.1875,-2.8813,0.2500,1380
69830,1074.4000,1082.0562,1077.9437,1085.5999,2.4375,5.8125,38.8125,-0.4875,-1.0344,-0.2500,-1.1625,-2.9156,0.2500,1380
69870,1074.4875,1082.1437,1077.8562,1085.5124,2.5000,5.6875,38.5625,-0.5000,-1.0594,-0.1250,-1.1375,-2.9406,0.2500,1380
69910,1074.4593,1082.0906,1077.9093,1085.5406,2.5625,5.5625,38.2500,-0.5125,-1.0875,-0.1250,-1.1125,-2.9531,0.2500,1380
69950,1074.0281,1081.8843,1078.1156,1085.9718,2.7500,5.5000,38.0000,-0.5500,-1.1187,-0.3750,-1.1000,-2.9531,0.1250,1380
69990,1073.7031,1082.3344,1077.6655,1086.2968,2.8750,5.6250,37.6875,-0.5750,-1.1562,-0.2500,-1.1250,-2.9406,-0.2500,1380
70030,1071.3531,1080.2781,1075.7218,1084.6468,3.0625,5.8125,37.4375,-0.6125,-1.1969,-0.3750,-1.1625,-2.9250,-0.3750,1378
70070,1070.2375,1079.7624,1074.2375,1083.7624,3.1250,6.1250,37.1250,-0.6250,-1.2500,-0.1250,-1.2250,-2.9125,-0.6250,1377
70110,1069.3875,1079.0374,1072.9625,1082.6124,3.0625,6.4375,36.8750,-0.6125,-1.3000,0.1250,-1.2875,-2.9125,-0.6250,1376
70150,1068.1406,1077.9467,1072.0532,1081.8593,3.0625,6.7500,36.6250,-0.6125,-1.3437,0.0000,-1.3500,-2.9281,-0.6250,1375
70190,1067.1374,1077.1374,1070.8625,1080.8625,3.0000,7.0625,36.3750,-0.6000,-1.3875,0.1250,-1.4125,-2.9625,-0.6250,1374
70231,1068.1342,1077.5468,1072.4531,1081.8657,3.0625,7.1875,36.1875,-0.6125,-1.4219,-0.1250,-1.4375,-3.0188,-0.2500,1375
70270,1069.2718,1078.8719,1073.1280,1082.7281,3.0000,7.3125,36.0000,-0.6000,-1.4531,0.1250,-1.4625,-3.0875,-0.2500,1376
70310,1071.4281,1080.6905,1075.3094,1084.5718,2.9375,7.3125,35.7500,-0.5875,-1.4781,0.1250,-1.4625,-3.1688,0.0000,1378
70350,1073.4718,1082.0843,1077.9156,1086.5281,3.0000,7.1250,35.6250,-0.6000,-1.4969,-0.1250,-1.4250,-3.2563,0.3750,1380
70390,1075.5405,1084.5156,1079.4843,1088.4594,2.9375,7.0000,35.4375,-0.5875,-1.5094,0.1250,-1.4000,-3.3375,0.2500,1382
70430,1076.7812,1085.2937,1080.7062,1089.2187,2.8750,6.7500,35.3125,-0.5750,-1.5125,0.1250,-1.3500,-3.4063,0.5000,1383
70470,1076.5312,1085.3125,1080.6875,1089.4687,2.8750,6.5625,35.1250,-0.5750,-1.5031,0.0000,-1.3125,-3.4531,0.3750,1383
70510,1077.6968,1086.4468,1081.5531,1090.3031,2.8125,6.3750,34.9375,-0.5625,-1.4906,0.1250,-1.2750,-3.4750,0.3750,1384
70551,1077.6250,1086.8437,1081.1562,1090.3750,2.6875,6.3125,34.8125,-0.5375,-1.4781,0.2500,-1.2625,-3.4719,0.1250,1384
70590,1077.2906,1086.7156,1081.2843,1090.7093,2.6875,6.3125,34.6875,-0.5375,-1.4594,0.0000,-1.2625,-3.4500,0.0000,1384
70631,1077.3437,1087.2436,1080.7563,1090.6562,2.5625,6.4375,34.5000,-0.5125,-1.4437,0.2500,-1.2875,-3.4125,-0.2500,1384
70671,1076.4062,1086.2812,1079.7187,1089.5937,2.4375,6.5625,34.4375,-0.4875,-1.4187,0.2500,-1.3125,-3.3750,-0.2500,1383
70711,1074.3343,1084.1844,1077.8155,1087.6656,2.3750,6.6875,34.3750,-0.4750,-1.3906,0.1250,-1.3375,-3.3375,-0.2500,1381
70751,1073.2437,1083.3563,1076.6436,1086.7562,2.3125,6.8750,34.2500,-0.4625,-1.3625,0.1250,-1.3750,-3.3063,-0.3750,1380
70790,1072.6781,1082.5655,1075.4344,1085.3218,2.1250,7.0000,34.2500,-0.4250,-1.3281,0.3750,-1.4000,-3.2938,-0.2500,1379
70831,1070.7312,1080.6687,1073.3312,1083.2687,1.9375,7.1250,34.1875,-0.3875,-1.2875,0.3750,-1.4250,-3.2938,-0.2500,1377
70871,1070.7718,1080.2469,1073.7530,1083.2281,1.8750,7.1250,34.1250,-0.3750,-1.2406,0.1250,-1.4250,-3.3125,0.0000,1377
70910,1071.9437,1081.2000,1074.7999,1084.0562,1.8125,7.0625,34.1250,-0.3625,-1.1906,0.1250,-1.4125,-3.3406,0.1250,1378
70950,1072.8469,1081.8718,1076.1281,1085.1530,1.8750,6.9375,34.1250,-0.3750,-1.1406,-0.1250,-1.3875,-3.3750,0.2500,1379
70990,1074.4188,1082.6312,1077.3687,1085.5811,1.8750,6.6250,34.1250,-0.3750,-1.1000,0.0000,-1.3250,-3.4063,0.6250,1380
71031,1076.2312,1084.6250,1079.3750,1087.7687,1.9375,6.3750,34.1875,-0.3875,-1.0594,-0.1250,-1.2750,-3.4219,0.5000,1382
71071,1077.3031,1085.5906,1080.4093,1088.6968,2.0000,6.1250,34.2500,-0.4000,-1.0281,-0.1250,-1.2250,-3.4188,0.5000,1383
71111,1077.2468,1085.3906,1080.6093,1088.7531,2.1250,5.8750,34.3125,-0.4250,-1.0062,-0.2500,-1.1750,-3.3969,0.5000,1383
71150,1077.0499,1085.8375,1080.1624,1088.9500,2.1875,5.8125,34.3125,-0.4375,-0.9938,-0.1250,-1.1625,-3.3563,0.1250,1383
71190,1076.8344,1085.7656,1080.2343,1089.1655,2.3125,5.8125,34.4375,-0.4625,-0.9875,-0.2500,-1.1625,-3.3031,0.0000,1383
71231,1076.8593,1085.9467,1080.0532,1089.1406,2.3750,5.8750,34.5000,-0.4750,-0.9969,-0.1250,-1.1750,-3.2438,-0.1250,1383
71271,1076.4625,1086.2750,1079.7249,1089.5374,2.4375,6.1250,34.6250,-0.4875,-1.0188,-0.1250,-1.2250,-3.1813,-0.5000,1383
71311,1075.2844,1085.3718,1078.6281,1088.7155,2.5000,6.4375,34.6875,-0.5000,-1.0469,-0.1250,-1.2875,-3.1313,-0.6250,1382
71350,1073.2062,1083.3562,1076.6437,1086.7937,2.5625,6.7500,34.8125,-0.5125,-1.0813,-0.1250,-1.3500,-3.1000,-0.6250,1380
71390,1072.1062,1082.3625,1075.6374,1085.8937,2.6250,7.0625,34.9375,-0.5250,-1.1156,-0.1250,-1.4125,-3.0906,-0.6250,1379
71431,1070.9718,1081.3968,1074.6031,1085.0281,2.6875,7.3750,35.0000,-0.5375,-1.1531,-0.1250,-1.4750,-3.1125,-0.6250,1378
71471,1070.0843,1080.1844,1073.8155,1083.9156,2.7500,7.5625,35.1250,-0.5500,-1.1906,-0.1250,-1.5125,-3.1625,-0.3750,1377
71511,1070.1999,1079.9687,1074.0312,1083.8000,2.8125,7.6250,35.2500,-0.5625,-1.2281,-0.1250,-1.5250,-3.2344,-0.1250,1377
71549,1071.1906,1080.6093,1075.3906,1084.8093,2.9375,7.5625,35.3125,-0.5875,-1.2625,-0.2500,-1.5125,-3.3219,0.1250,1378
71590,1073.3281,1082.3469,1077.6530,1086.6718,3.0625,7.3750,35.4375,-0.6125,-1.3000,-0.2500,-1.4750,-3.4094,0.3750,1380
71631,1074.5000,1083.3249,1078.6750,1087.5000,3.1250,7.1250,35.5625,-0.6250,-1.3375,-0.1250,-1.4250,-3.4875,0.5000,1381
71671,1075.4375,1084.2875,1079.7124,1088.5625,3.1875,6.8750,35.6875,-0.6375,-1.3750,-0.1250,-1.3750,-3.5500,0.5000,1382
71711,1076.5374,1085.6375,1080.3624,1089.4625,3.1250,6.6875,35.7500,-0.6250,-1.4125,0.1250,-1.3375,-3.5875,0.3750,1383
71750,1076.4062,1085.4562,1080.5437,1089.5937,3.1250,6.5000,35.8125,-0.6250,-1.4437,0.0000,-1.3000,-3.6000,0.3750,1383
71790,1076.0156,1085.7905,1080.2094,1089.9843,3.1250,6.5000,35.8750,-0.6250,-1.4719,0.0000,-1.3000,-3.5875,0.0000,1383
71831,1076.0187,1085.7375,1080.2624,1089.9812,3.1250,6.5000,35.9375,-0.6250,-1.4969,0.0000,-1.3000,-3.5594,0.0000,1383
71871,1075.9030,1085.8093,1080.1906,1090.0969,3.1250,6.5625,36.0000,-0.6250,-1.5188,0.0000,-1.3125,-3.5156,-0.1250,1383
71911,1076.0593,1086.4406,1079.5593,1089.9406,2.9375,6.7500,36.0625,-0.5875,-1.5375,0.3750,-1.3500,-3.4656,-0.3750,1383
71950,1074.9593,1085.0531,1078.9468,1089.0406,2.8750,6.8750,36.1250,-0.5750,-1.5437,0.1250,-1.3750,-3.4219,-0.2500,1382
71990,1073.1219,1083.1968,1076.8031,1086.8780,2.7500,7.0000,36.1875,-0.5500,-1.5406,0.2500,-1.4000,-3.3875,-0.2500,1380
72031,1071.8813,1081.9687,1076.0312,1086.1186,2.7500,7.1250,36.1875,-0.5500,-1.5250,0.0000,-1.4250,-3.3688,-0.2500,1379
72070,1071.4250,1080.7375,1075.2624,1084.5749,2.6875,7.0625,36.2500,-0.5375,-1.5062,0.1250,-1.4125,-3.3688,0.1250,1378
72110,1070.1906,1079.2219,1074.7780,1083.8093,2.8125,6.9375,36.2500,-0.5625,-1.4812,-0.2500,-1.3875,-3.3781,0.2500,1377
72150,1070.1937,1078.9249,1075.0750,1083.8062,3.0000,6.7500,36.2500,-0.6000,-1.4656,-0.3750,-1.3500,-3.3906,0.3750,1377
72189,1071.7375,1079.5937,1076.4062,1084.2624,3.1250,6.3750,36.2500,-0.6250,-1.4594,-0.2500,-1.2750,-3.4031,0.7500,1378
72230,1072.9311,1080.6250,1077.3750,1085.0688,3.1875,6.0000,36.1875,-0.6375,-1.4594,-0.1250,-1.2000,-3.3969,0.7500,1379
72270,1075.1530,1082.9218,1079.0781,1086.8469,3.1250,5.6875,36.1875,-0.6250,-1.4625,0.1250,-1.1375,-3.3719,0.6250,1381
72310,1076.2719,1083.8281,1080.1718,1087.7280,3.0625,5.3750,36.1250,-0.6125,-1.4625,0.1250,-1.0750,-3.3281,0.6250,1382
72350,1075.9968,1083.8405,1080.1594,1088.0031,3.0625,5.1875,36.0625,-0.6125,-1.4687,0.0000,-1.0375,-3.2594,0.3750,1382
72390,1073.6968,1082.1219,1077.8780,1086.3031,3.0625,5.1875,36.0000,-0.6125,-1.4781,0.0000,-1.0375,-3.1750,0.0000,1380
72430,1071.6343,1080.4281,1075.5718,1084.3656,3.0000,5.3125,35.9375,-0.6000,-1.4937,0.1250,-1.0625,-3.0844,-0.2500,1378
72470,1069.4250,1078.6374,1073.3625,1082.5749,2.9375,5.5625,35.8125,-0.5875,-1.5062,0.1250,-1.1125,-2.9938,-0.5000,1376
72510,1066.1750,1075.8874,1070.1125,1079.8249,2.8750,5.9375,35.6875,-0.5750,-1.5188,0.1250,-1.1875,-2.9188,-0.7500,1373
72550,1065.0218,1075.0594,1068.9405,1078.9781,2.8125,6.3750,35.5625,-0.5625,-1.5219,0.1250,-1.2750,-2.8688,-0.8750,1372
72590,1063.8375,1073.4625,1068.5374,1078.1624,2.9375,6.6875,35.5000,-0.5875,-1.5125,-0.2500,-1.3375,-2.8500,-0.6250,1371
72630,1063.0186,1072.5250,1067.4749,1076.9813,3.0000,6.9375,35.3750,-0.6000,-1.5031,-0.1250,-1.3875,-2.8656,-0.5000,1370
72670,1062.1938,1071.3437,1066.6562,1075.8061,3.0625,7.0625,35.2500,-0.6125,-1.4937,-0.1250,-1.4125,-2.9125,-0.2500,1369
72710,1060.6406,1069.1530,1064.8469,1073.3593,3.0625,7.0000,35.1250,-0.6125,-1.4906,0.0000,-1.4000,-2.9813,0.1250,1367
72750,1059.5718,1068.2218,1063.7781,1072.4281,3.0625,6.9375,35.0000,-0.6125,-1.4906,0.0000,-1.3875,-3.0625,0.1250,1366
72790,1058.7719,1067.2968,1062.7031,1071.2280,3.0000,6.8125,34.8750,-0.6000,-1.4906,0.1250,-1.3625,-3.1500,0.2500,1365
72830,1058.8687,1067.2313,1062.7686,1071.1312,2.9375,6.6250,34.7500,-0.5875,-1.4875,0.1250,-1.3250,-3.2313,0.3750,1365
72870,1059.8562,1068.0000,1064.0000,1072.1437,2.9375,6.3750,34.6875,-0.5875,-1.4844,0.0000,-1.2750,-3.2969,0.5000,1366
72910,1060.8656,1069.5406,1064.4593,1073.1343,2.8125,6.2500,34.5625,-0.5625,-1.4844,0.2500,-1.2500,-3.3375,0.2500,1367
72950,1062.9030,1071.2844,1066.7155,1075.0969,2.7500,6.0625,34.5000,-0.5500,-1.4812,0.1250,-1.2125,-3.3531,0.3750,1369
72990,1063.8344,1072.1093,1067.8906,1076.1655,2.7500,5.8750,34.5000,-0.5500,-1.4781,0.0000,-1.1750,-3.3375,0.3750,1370
73030,1064.1968,1072.3155,1067.6844,1075.8031,2.6250,5.6875,34.3750,-0.5250,-1.4687,0.2500,-1.1375,-3.2969,0.3750,1370
73070,1064.0656,1071.9843,1068.0156,1075.9343,2.6250,5.5000,34.3750,-0.5250,-1.4500,0.0000,-1.1000,-3.2344,0.3750,1370
73110,1064.2031,1071.8906,1068.1093,1075.7968,2.6250,5.3125,34.3125,-0.5250,-1.4281,0.0000,-1.0625,-3.1563,0.3750,1370
73150,1064.4843,1071.6530,1068.3469,1075.5156,2.6250,5.0625,34.2500,-0.5250,-1.4062,0.0000,-1.0125,-3.0719,0.5000,1370
73191,1064.3750,1071.8061,1068.1938,1075.6250,2.6250,4.9375,34.2500,-0.5250,-1.3844,0.0000,-0.9875,-2.9781,0.2500,1370
73231,1064.6500,1071.5687,1068.4312,1075.3499,2.6250,4.7500,34.2500,-0.5250,-1.3656,0.0000,-0.9500,-2.8844,0.3750,1370
73271,1063.2469,1070.1781,1067.8218,1074.7530,2.8125,4.6250,34.2500,-0.5625,-1.3500,-0.3750,-0.9250,-2.7906,0.2500,1369
73311,1062.6031,1069.5843,1066.4156,1073.3968,2.8125,4.5625,34.1875,-0.5625,-1.3437,0.0000,-0.9125,-2.7031,0.1250,1368
73350,1060.4249,1067.2125,1064.7874,1071.5750,2.9375,4.5000,34.2500,-0.5875,-1.3437,-0.2500,-0.9000,-2.6188,0.1250,1366
73391,1059.6187,1066.2249,1063.7750,1070.3812,3.0000,4.4375,34.2500,-0.6000,-1.3531,-0.1250,-0.8875,-2.5406,0.1250,1365
73431,1058.6782,1065.3906,1062.6093,1069.3217,3.0000,4.4375,34.2500,-0.6000,-1.3656,0.0000,-0.8875,-2.4688,0.0000,1364
73470,1060.5844,1067.1718,1064.8281,1071.4155,3.0625,4.4375,34.3125,-0.6125,-1.3844,-0.1250,-0.8875,-2.4063,0.0000,1366
73509,1061.7406,1068.2218,1065.7781,1072.2593,3.0625,4.4375,34.3125,-0.6125,-1.4062,0.0000,-0.8875,-2.3531,0.0000,1367
73550,1063.7624,1070.1562,1067.8437,1074.2375,3.0625,4.4375,34.4375,-0.6125,-1.4281,0.0000,-0.8875,-2.3094,0.0000,1369
73591,1064.4969,1071.1031,1068.8968,1075.5030,3.1250,4.5000,34.5000,-0.6250,-1.4500,-0.1250,-0.9000,-2.2781,-0.1250,1370
73631,1065.4687,1072.3312,1069.6687,1076.5312,3.1250,4.6250,34.5625,-0.6250,-1.4750,0.0000,-0.9250,-2.2563,-0.2500,1371
73671,1066.6999,1073.3249,1070.6750,1077.3000,3.0625,4.6875,34.6875,-0.6125,-1.5000,0.1250,-0.9375,-2.2500,-0.1250,1372
73710,1067.4094,1074.3405,1071.6594,1078.5905,3.0625,4.8125,34.7500,-0.6125,-1.5125,0.0000,-0.9625,-2.2531,-0.2500,1373
73750,1068.4968,1075.5031,1072.4968,1079.5031,3.0000,4.9375,34.8125,-0.6000,-1.5250,0.1250,-0.9875,-2.2656,-0.2500,1374
73791,1069.1843,1076.2844,1073.7155,1080.8156,3.0625,5.0625,34.9375,-0.6125,-1.5281,-0.1250,-1.0125,-2.2875,-0.2500,1375
73831,1070.1124,1077.5999,1074.4000,1081.8875,3.0625,5.2500,35.0000,-0.6125,-1.5312,0.0000,-1.0500,-2.3188,-0.3750,1376
73871,1070.1687,1077.8125,1074.1875,1081.8312,3.0000,5.4375,35.0000,-0.6000,-1.5344,0.1250,-1.0875,-2.3594,-0.3750,1376
73910,1069.0969,1076.6406,1073.3593,1080.9030,3.0000,5.5625,35.1250,-0.6000,-1.5312,0.0000,-1.1125,-2.4094,-0.2500,1375
73950,1067.8812,1075.5875,1072.4124,1080.1187,3.0625,5.6875,35.1250,-0.6125,-1.5281,-0.1250,-1.1375,-2.4656,-0.2500,1374
73991,1068.1937,1076.0750,1071.9249,1079.8062,2.9375,5.8125,35.1250,-0.5875,-1.5281,0.2500,-1.1625,-2.5281,-0.2500,1374
74031,1067.0000,1074.5124,1071.4875,1079.0000,3.0000,5.8125,35.1875,-0.6000,-1.5188,-0.1250,-1.1625,-2.5938,0.0000,1373
74071,1067.2093,1074.8406,1071.1593,1078.7906,2.9375,5.8125,35.1875,-0.5875,-1.5125,0.1250,-1.1625,-2.6531,0.0000,1373
74109,1069.0344,1076.7780,1073.2219,1080.9655,2.9375,5.8125,35.1875,-0.5875,-1.5062,0.0000,-1.1625,-2.7094,0.0000,1375
74149,1071.1281,1078.4218,1075.5781,1082.8718,3.0000,5.6875,35.1875,-0.6000,-1.5000,-0.1250,-1.1375,-2.7594,0.2500,1377
74191,1074.2406,1081.8343,1078.1656,1085.7593,2.9375,5.6250,35.1875,-0.5875,-1.5000,0.1250,-1.1250,-2.7969,0.1250,1380
74231,1076.2436,1083.5937,1080.4062,1087.7563,2.9375,5.5000,35.1875,-0.5875,-1.4937,0.0000,-1.1000,-2.8250,0.2500,1382
74271,1079.2625,1086.5875,1083.4124,1090.7374,2.9375,5.3750,35.1250,-0.5875,-1.4875,0.0000,-1.0750,-2.8375,0.2500,1385
74311,1080.2938,1087.8375,1084.1624,1091.7061,2.8750,5.3125,35.0625,-0.5750,-1.4844,0.1250,-1.0625,-2.8344,0.1250,1386
74350,1081.0625,1088.5561,1085.4438,1092.9375,2.9375,5.2500,35.0000,-0.5875,-1.4781,-0.1250,-1.0500,-2.8219,0.1250,1387
74391,1080.9531,1089.2031,1084.7968,1093.0468,2.8750,5.3750,34.8750,-0.5750,-1.4719,0.1250,-1.0750,-2.8000,-0.2500,1387
74431,1080.6906,1089.2219,1084.7780,1093.3093,2.8750,5.5625,34.7500,-0.5750,-1.4687,0.0000,-1.1125,-2.7781,-0.3750,1387
74471,1080.3968,1088.9781,1085.0218,1093.6031,3.0000,5.7500,34.6875,-0.6000,-1.4625,-0.2500,-1.1500,-2.7656,-0.3750,1387
74510,1079.4718,1088.3968,1083.6031,1092.5281,3.0000,6.0000,34.5000,-0.6000,-1.4656,0.0000,-1.2000,-2.7625,-0.5000,1386
74550,1078.4093,1087.7281,1082.2718,1091.5906,2.9375,6.3125,34.3750,-0.5875,-1.4687,0.1250,-1.2625,-2.7719,-0.6250,1385
74591,1077.1937,1086.7000,1081.2999,1090.8062,2.9375,6.6250,34.2500,-0.5875,-1.4656,0.0000,-1.3250,-2.8031,-0.6250,1384
74630,1075.2187,1084.6750,1079.3249,1088.7812,2.9375,6.8750,34.1250,-0.5875,-1.4656,0.0000,-1.3750,-2.8531,-0.5000,1382
74670,1074.0999,1083.5186,1078.4813,1087.9000,3.0000,7.0625,34.0000,-0.6000,-1.4656,-0.1250,-1.4125,-2.9219,-0.3750,1381
74710,1074.3750,1083.7624,1078.2375,1087.6250,2.9375,7.1875,33.8125,-0.5875,-1.4687,0.1250,-1.4375,-3.0063,-0.2500,1381
74749,1075.4031,1084.4781,1079.5218,1088.5968,2.9375,7.1875,33.6875,-0.5875,-1.4719,0.0000,-1.4375,-3.1000,0.0000,1382
74790,1076.3062,1085.2999,1080.7000,1089.6937,3.0000,7.1250,33.5000,-0.6000,-1.4719,-0.1250,-1.4250,-3.1969,0.1250,1383
74830,1077.4875,1086.3562,1081.6437,1090.5124,3.0000,7.0000,33.3125,-0.6000,-1.4781,0.0000,-1.4000,-3.2844,0.2500,1384
74870,1079.4343,1088.1218,1083.8781,1092.5656,3.0625,6.8125,33.1875,-0.6125,-1.4844,-0.1250,-1.3625,-3.3563,0.3750,1386
74910,1081.2656,1090.2592,1085.7407,1094.7343,3.1250,6.6875,33.0625,-0.6250,-1.4875,-0.1250,-1.3375,-3.4094,0.2500,1388
74950,1083.0999,1092.6624,1087.3375,1096.9000,3.1250,6.6875,32.8750,-0.6250,-1.4937,0.0000,-1.3375,-3.4438,0.0000,1390
74990,1084.9343,1094.5344,1089.4655,1099.0656,3.1875,6.6875,32.7500,-0.6375,-1.5031,-0.1250,-1.3375,-3.4625,0.0000,1392
75030,1086.6312,1096.7874,1091.2125,1101.3687,3.2500,6.8125,32.6250,-0.6500,-1.5156,-0.1250,-1.3625,-3.4656,-0.2500,1394
75070,1087.5811,1098.0562,1091.9437,1102.4188,3.2500,7.0000,32.4375,-0.6500,-1.5312,0.0000,-1.4000,-3.4625,-0.3750,1395
75110,1088.3968,1098.9405,1093.0594,1103.6031,3.3125,7.1875,32.3125,-0.6625,-1.5437,-0.1250,-1.4375,-3.4594,-0.3750,1396
75150,1087.3281,1098.2219,1091.7780,1102.6718,3.3125,7.4375,32.1875,-0.6625,-1.5625,0.0000,-1.4875,-3.4594,-0.5000,1395
75190,1085.6594,1096.1281,1089.8718,1100.3405,3.2500,7.5625,32.0000,-0.6500,-1.5813,0.1250,-1.5125,-3.4719,-0.2500,1393
75230,1084.3375,1095.1749,1088.8250,1099.6624,3.2500,7.7500,31.8750,-0.6500,-1.5937,0.0000,-1.5500,-3.4938,-0.3750,1392
75270,1083.6625,1094.3750,1087.6250,1098.3374,3.1250,7.8750,31.7500,-0.6250,-1.6062,0.2500,-1.5750,-3.5313,-0.2500,1391
75310,1082.6062,1093.1999,1086.8000,1097.3937,3.0625,7.9375,31.6250,-0.6125,-1.6094,0.1250,-1.5875,-3.5844,-0.1250,1390
75350,1082.4094,1092.8781,1087.1218,1097.5905,3.1250,7.9375,31.5000,-0.6250,-1.6062,-0.1250,-1.5875,-3.6469,0.0000,1390
75389,1083.6093,1094.4780,1087.5219,1098.3906,3.0000,8.0000,31.3750,-0.6000,-1.6062,0.2500,-1.6000,-3.7094,-0.1250,1391
75430,1084.5655,1095.0406,1088.9593,1099.4344,3.0000,7.9375,31.2500,-0.6000,-1.5969,0.0000,-1.5875,-3.7750,0.1250,1392
75470,1085.6718,1095.9594,1090.0405,1100.3281,3.0000,7.8125,31.1875,-0.6000,-1.5844,0.0000,-1.5625,-3.8312,0.2500,1393
75510,1087.5312,1098.3999,1091.6000,1102.4687,2.9375,7.8125,31.0625,-0.5875,-1.5719,0.1250,-1.5625,-3.8719,0.0000,1395
75550,1088.5312,1099.1875,1092.8125,1103.4687,2.9375,7.7500,31.0000,-0.5875,-1.5531,0.0000,-1.5500,-3.9031,0.1250,1396
75590,1088.4093,1099.0718,1092.9281,1103.5906,3.0000,7.6875,31.0000,-0.6000,-1.5344,-0.1250,-1.5375,-3.9188,0.1250,1396
75630,1088.5531,1099.4781,1092.5218,1103.4468,2.9375,7.6875,30.8750,-0.5875,-1.5219,0.1250,-1.5375,-3.9250,0.0000,1396
75670,1088.3094,1099.2281,1092.7718,1103.6905,3.0000,7.6875,30.8125,-0.6000,-1.5062,-0.1250,-1.5375,-3.9219,0.0000,1396
75710,1088.4500,1099.3499,1092.6500,1103.5499,3.0000,7.6875,30.8125,-0.6000,-1.5000,0.0000,-1.5375,-3.9125,0.0000,1396
75751,1088.3281,1099.4780,1092.5219,1103.6718,3.0000,7.7500,30.7500,-0.6000,-1.4969,0.0000,-1.5500,-3.9000,-0.1250,1396
75791,1087.3311,1098.2125,1091.7874,1102.6688,3.0625,7.7500,30.7500,-0.6125,-1.4906,-0.1250,-1.5500,-3.8906,0.0000,1395
75831,1086.6030,1097.7343,1090.2656,1101.3969,2.9375,7.8125,30.7500,-0.5875,-1.4937,0.2500,-1.5625,-3.8781,-0.1250,1394
75871,1085.4874,1096.6312,1089.3687,1100.5125,2.8750,7.8750,30.7500,-0.5750,-1.4906,0.1250,-1.5750,-3.8719,-0.1250,1393
75910,1084.3531,1095.5281,1088.4718,1099.6468,2.8750,7.9375,30.7500,-0.5750,-1.4844,0.0000,-1.5875,-3.8750,-0.1250,1392
75952,1083.6125,1094.8249,1087.1750,1098.3874,2.7500,8.0000,30.8125,-0.5500,-1.4812,0.2500,-1.6000,-3.8813,-0.1250,1391
75991,1084.6219,1095.3343,1088.6656,1099.3780,2.7500,7.9375,30.8750,-0.5500,-1.4719,0.0000,-1.5875,-3.8937,0.1250,1392
76030,1085.3593,1096.6218,1089.3781,1100.6406,2.7500,8.0000,30.8750,-0.5500,-1.4594,0.0000,-1.6000,-3.9063,-0.1250,1393
76070,1086.6156,1097.3843,1090.6156,1101.3843,2.7500,7.9375,30.9375,-0.5500,-1.4500,0.0000,-1.5875,-3.9219,0.1250,1394
76110,1088.3531,1099.3968,1092.6031,1103.6468,2.8125,7.9375,31.0000,-0.5625,-1.4375,-0.1250,-1.5875,-3.9344,0.0000,1396
76151,1089.3374,1100.4062,1093.5937,1104.6625,2.8750,7.9375,31.1250,-0.5750,-1.4281,-0.1250,-1.5875,-3.9469,0.0000,1397
76191,1091.1843,1102.5468,1095.4531,1106.8156,2.9375,8.0000,31.1875,-0.5875,-1.4219,-0.1250,-1.6000,-3.9562,-0.1250,1399
76231,1091.1530,1102.5656,1095.4343,1106.8469,3.0000,8.0625,31.3125,-0.6000,-1.4156,-0.1250,-1.6125,-3.9688,-0.1250,1399
76270,1091.1125,1102.5749,1095.4250,1106.8874,3.0625,8.1250,31.3750,-0.6125,-1.4187,-0.1250,-1.6250,-3.9813,-0.1250,1399
76310,1091.0656,1102.5781,1095.4218,1106.9343,3.1250,8.1875,31.5000,-0.6250,-1.4281,-0.1250,-1.6375,-3.9938,-0.1250,1399
76351,1091.0156,1102.5781,1095.4218,1106.9843,3.1875,8.2500,31.5625,-0.6375,-1.4406,-0.1250,-1.6500,-4.0062,-0.1250,1399
76391,1090.9561,1102.5687,1095.4312,1107.0438,3.2500,8.3125,31.6250,-0.6500,-1.4625,-0.1250,-1.6625,-4.0188,-0.1250,1399
76431,1090.3000,1101.6999,1094.3000,1105.6999,3.1875,8.3125,31.6875,-0.6375,-1.4875,0.1250,-1.6625,-4.0375,0.0000,1398
76470,1089.1374,1100.2937,1093.7062,1104.8625,3.2500,8.2500,31.7500,-0.6500,-1.5094,-0.1250,-1.6500,-4.0531,0.1250,1397
76510,1088.2343,1099.3969,1092.6030,1103.7656,3.2500,8.1875,31.8125,-0.6500,-1.5344,0.0000,-1.6375,-4.0687,0.1250,1396
76551,1087.0749,1098.2375,1091.7624,1102.9250,3.3125,8.1250,31.8750,-0.6625,-1.5562,-0.1250,-1.6250,-4.0813,0.1250,1395
76591,1086.3187,1097.2000,1090.7999,1101.6812,3.3125,8.0000,31.9375,-0.6625,-1.5781,0.0000,-1.6000,-4.0906,0.2500,1394
76631,1086.0499,1097.4312,1090.5687,1101.9500,3.3125,8.0000,31.9375,-0.6625,-1.5969,0.0000,-1.6000,-4.0906,0.0000,1394
76669,1087.1749,1098.2750,1091.7249,1102.8250,3.3125,7.9375,32.0000,-0.6625,-1.6125,0.0000,-1.5875,-4.0875,0.1250,1395
76709,1088.9093,1100.2406,1093.7593,1105.0906,3.3750,7.9375,32.0625,-0.6750,-1.6250,-0.1250,-1.5875,-4.0781,0.0000,1397
76751,1090.0344,1101.0656,1094.9343,1105.9655,3.4375,7.8750,32.0625,-0.6875,-1.6375,-0.1250,-1.5750,-4.0656,0.1250,1398
76791,1091.1782,1102.4218,1095.5781,1106.8217,3.3750,7.8750,32.1250,-0.6750,-1.6500,0.1250,-1.5750,-4.0469,0.0000,1399
76831,1092.2061,1103.1312,1096.8687,1107.7938,3.3750,7.8125,32.1250,-0.6750,-1.6562,0.0000,-1.5625,-4.0250,0.1250,1400
76870,1092.0969,1103.2219,1096.7780,1107.9030,3.3750,7.8125,32.1875,-0.6750,-1.6656,0.0000,-1.5625,-4.0000,0.0000,1400
76910,1092.3874,1103.4687,1096.5312,1107.6125,3.2500,7.8125,32.1875,-0.6500,-1.6719,0.2500,-1.5625,-3.9781,0.0000,1400
76951,1093.2937,1104.0625,1097.9375,1108.7062,3.2500,7.7500,32.1875,-0.6500,-1.6719,0.0000,-1.5500,-3.9594,0.1250,1401
76991,1093.3281,1104.3093,1097.6906,1108.6718,3.1875,7.7500,32.1875,-0.6375,-1.6687,0.1250,-1.5500,-3.9406,0.0000,1401
77031,1093.3593,1104.5905,1097.4094,1108.6406,3.0625,7.8125,32.1875,-0.6125,-1.6625,0.2500,-1.5625,-3.9281,-0.1250,1401
77070,1093.1187,1104.3563,1097.6436,1108.8812,3.0625,7.8750,32.1875,-0.6125,-1.6500,0.0000,-1.5750,-3.9188,-0.1250,1401
77110,1092.3968,1103.3780,1096.6219,1107.6031,3.0000,7.8750,32.1250,-0.6000,-1.6375,0.1250,-1.5750,-3.9156,0.0000,1400
77151,1091.4311,1102.4062,1095.5937,1106.5688,2.9375,7.8750,32.1250,-0.5875,-1.6187,0.1250,-1.5750,-3.9125,0.0000,1399
77191,1091.0562,1102.3062,1095.6937,1106.9437,3.0000,7.9375,32.0625,-0.6000,-1.5937,-0.1250,-1.5875,-3.9125,-0.1250,1399
77230,1090.4593,1101.4656,1094.5343,1105.5406,2.9375,7.9375,32.0000,-0.5875,-1.5750,0.1250,-1.5875,-3.9156,0.0000,1398
77270,1090.3500,1101.0937,1094.9062,1105.6499,3.0000,7.8750,32.0000,-0.6000,-1.5531,-0.1250,-1.5750,-3.9219,0.1250,1398
77309,1092.5031,1103.5031,1096.4968,1107.4968,2.9375,7.8750,31.9375,-0.5875,-1.5344,0.1250,-1.5750,-3.9250,0.0000,1400
77349,1093.2531,1104.5344,1097.4655,1108.7468,2.9375,7.9375,31.8750,-0.5875,-1.5188,0.0000,-1.5875,-3.9281,-0.1250,1401
77390,1095.3843,1106.4344,1099.5655,1110.6156,2.9375,7.9375,31.8125,-0.5875,-1.5031,0.0000,-1.5875,-3.9375,0.0000,1403
77430,1096.3874,1107.4562,1100.5437,1111.6125,2.9375,7.9375,31.7500,-0.5875,-1.4906,0.0000,-1.5875,-3.9469,0.0000,1404
77470,1097.2500,1108.6062,1101.3937,1112.7500,2.9375,8.0000,31.7500,-0.5875,-1.4844,0.0000,-1.6000,-3.9531,-0.1250,1405
77510,1097.0999,1108.4937,1101.5062,1112.9000,3.0000,8.0625,31.6875,-0.6000,-1.4781,-0.1250,-1.6125,-3.9594,-0.1250,1405
77550,1097.2031,1108.3657,1101.6342,1112.7968,3.0625,8.0625,31.6250,-0.6125,-1.4781,-0.1250,-1.6125,-3.9688,0.0000,1405
77590,1097.3125,1108.4936,1101.5063,1112.6875,3.0625,8.0625,31.5625,-0.6125,-1.4844,0.0000,-1.6125,-3.9781,0.0000,1405
77630,1097.3031,1108.2218,1101.7781,1112.6968,3.1250,8.0000,31.5625,-0.6250,-1.4875,-0.1250,-1.6000,-3.9844,0.1250,1405
77670,1097.2906,1108.1905,1101.8094,1112.7093,3.1875,7.9375,31.5625,-0.6375,-1.4969,-0.1250,-1.5875,-3.9875,0.1250,1405
77710,1096.4156,1107.0218,1100.9781,1111.5843,3.2500,7.8125,31.5000,-0.6500,-1.5062,-0.1250,-1.5625,-3.9906,0.2500,1404
77750,1094.6906,1104.9655,1099.0344,1109.3093,3.2500,7.6250,31.5000,-0.6500,-1.5219,0.0000,-1.5250,-3.9875,0.3750,1402
77790,1093.3156,1104.0344,1097.9655,1108.6843,3.3125,7.5625,31.4375,-0.6625,-1.5375,-0.1250,-1.5125,-3.9719,0.1250,1401
77830,1092.4531,1103.1093,1096.8906,1107.5468,3.3125,7.5000,31.4375,-0.6625,-1.5562,0.0000,-1.5000,-3.9531,0.1250,1400
77870,1091.3311,1102.1937,1095.8062,1106.6688,3.3125,7.5000,31.3750,-0.6625,-1.5750,0.0000,-1.5000,-3.9313,0.0000,1399
77910,1090.9249,1102.2874,1095.7125,1107.0750,3.3750,7.6250,31.3750,-0.6750,-1.5937,-0.1250,-1.5250,-3.9063,-0.2500,1399
77949,1093.3032,1104.6718,1097.3281,1108.6967,3.2500,7.7500,31.3125,-0.6500,-1.6125,0.2500,-1.5500,-3.8844,-0.2500,1401
77990,1093.8968,1105.2843,1098.7156,1110.1031,3.3125,7.8750,31.3125,-0.6625,-1.6219,-0.1250,-1.5750,-3.8688,-0.2500,1402
78030,1096.1312,1107.5499,1100.4500,1111.8687,3.2500,8.0000,31.2500,-0.6500,-1.6344,0.1250,-1.6000,-3.8594,-0.2500,1404
78070,1097.3874,1108.5812,1101.4187,1112.6125,3.1250,8.0625,31.2500,-0.6250,-1.6406,0.2500,-1.6125,-3.8594,-0.1250,1405
78110,1099.1219,1110.3531,1103.6468,1114.8780,3.1250,8.1250,31.2500,-0.6250,-1.6375,0.0000,-1.6250,-3.8656,-0.1250,1407
78150,1099.2374,1110.5250,1103.4749,1114.7625,3.0625,8.1875,31.1875,-0.6125,-1.6312,0.1250,-1.6375,-3.8813,-0.1250,1407
78190,1099.4937,1110.5875,1103.4124,1114.5062,2.9375,8.1875,31.1875,-0.5875,-1.6219,0.2500,-1.6375,-3.9094,0.0000,1407
78230,1099.0937,1110.2500,1103.7500,1114.9062,3.0000,8.1875,31.1875,-0.6000,-1.6031,-0.1250,-1.6375,-3.9406,0.0000,1407
78270,1100.1999,1111.4250,1104.5749,1115.8000,3.0000,8.1875,31.1875,-0.6000,-1.5875,0.0000,-1.6375,-3.9750,0.0000,1408
78311,1100.4561,1111.4749,1104.5250,1115.5438,2.9375,8.1250,31.1875,-0.5875,-1.5719,0.1250,-1.6250,-4.0094,0.1250,1408
78351,1099.2031,1110.2468,1103.7531,1114.7968,3.0000,8.0625,31.2500,-0.6000,-1.5500,-0.1250,-1.6125,-4.0344,0.1250,1407
78391,1097.2000,1108.5250,1101.4749,1112.7999,3.0000,8.0625,31.2500,-0.6000,-1.5375,0.0000,-1.6125,-4.0500,0.0000,1405
78430,1096.0687,1107.1375,1100.8624,1111.9312,3.1250,8.0000,31.3125,-0.6250,-1.5219,-0.2500,-1.6000,-4.0594,0.1250,1404
78470,1095.2000,1106.2437,1099.7562,1110.7999,3.1875,7.9375,31.3750,-0.6375,-1.5156,-0.1250,-1.5875,-4.0594,0.1250,1403
78512,1095.3405,1106.3469,1099.6530,1110.6594,3.1875,7.8750,31.3750,-0.6375,-1.5188,0.0000,-1.5750,-4.0531,0.1250,1403
78551,1096.3625,1107.0437,1100.9562,1111.6374,3.2500,7.7500,31.4375,-0.6500,-1.5219,-0.1250,-1.5500,-4.0406,0.2500,1404
78590,1099.3874,1110.2500,1103.7500,1114.6125,3.2500,7.6875,31.5000,-0.6500,-1.5312,0.0000,-1.5375,-4.0188,0.1250,1407
78629,1102.2718,1113.3343,1106.6656,1117.7281,3.2500,7.6875,31.5000,-0.6500,-1.5469,0.0000,-1.5375,-3.9938,0.0000,1410
78671,1105.2844,1116.2968,1109.7031,1120.7155,3.2500,7.6875,31.5625,-0.6500,-1.5594,0.0000,-1.5375,-3.9688,0.0000,1413
78711,1108.2968,1119.5344,1112.4655,1123.7031,3.1875,7.7500,31.6250,-0.6375,-1.5719,0.1250,-1.5500,-3.9438,-0.1250,1416
78751,1109.0280,1120.2531,1113.7468,1124.9719,3.2500,7.8125,31.6875,-0.6500,-1.5844,-0.1250,-1.5625,-3.9250,-0.1250,1417
78791,1109.2781,1120.2281,1113.7718,1124.7218,3.2500,7.8125,31.6875,-0.6500,-1.5969,0.0000,-1.5625,-3.9125,0.0000,1417
78830,1109.6906,1120.0656,1113.9343,1124.3093,3.1875,7.6875,31.6875,-0.6375,-1.6094,0.1250,-1.5375,-3.9000,0.2500,1417
78870,1109.6031,1119.8968,1114.1031,1124.3968,3.1875,7.5625,31.7500,-0.6375,-1.6125,0.0000,-1.5125,-3.8844,0.2500,1417
78911,1109.5093,1119.7156,1114.2843,1124.4906,3.2500,7.4375,31.7500,-0.6500,-1.6125,-0.1250,-1.4875,-3.8656,0.2500,1417
78951,1109.8155,1119.9281,1114.0718,1124.1844,3.1875,7.3125,31.6875,-0.6375,-1.6156,0.1250,-1.4625,-3.8438,0.2500,1417
78991,1107.3281,1117.6218,1112.3781,1122.6718,3.3125,7.2500,31.6875,-0.6625,-1.6125,-0.2500,-1.4500,-3.8219,0.1250,1415
79030,1106.4719,1116.9719,1111.0280,1121.5280,3.3125,7.2500,31.6250,-0.6625,-1.6156,0.0000,-1.4500,-3.8000,0.0000,1414
79070,1105.3530,1116.3593,1109.6406,1120.6469,3.2500,7.3750,31.5625,-0.6500,-1.6187,0.1250,-1.4750,-3.7781,-0.2500,1413
79111,1103.9437,1115.2437,1108.7562,1120.0562,3.3125,7.5625,31.5000,-0.6625,-1.6187,-0.1250,-1.5125,-3.7625,-0.3750,1412
79151,1102.8968,1114.8031,1107.1968,1119.1031,3.2500,7.8750,31.4375,-0.6500,-1.6250,0.1250,-1.5750,-3.7531,-0.6250,1411
79191,1102.9812,1114.4687,1107.5312,1119.0187,3.2500,8.0625,31.3750,-0.6500,-1.6250,0.0000,-1.6125,-3.7563,-0.3750,1411
79229,1103.9312,1115.2437,1108.7562,1120.0687,3.3125,8.1875,31.3125,-0.6625,-1.6250,-0.1250,-1.6375,-3.7688,-0.2500,1412
79270,1105.2750,1116.4124,1109.5875,1120.7249,3.2500,8.2500,31.1875,-0.6500,-1.6312,0.1250,-1.6500,-3.7938,-0.1250,1413
79311,1106.3750,1116.7812,1111.2187,1121.6250,3.3125,8.1250,31.1250,-0.6625,-1.6344,-0.1250,-1.6250,-3.8281,0.2500,1414
79351,1107.7625,1117.9124,1112.0875,1122.2374,3.2500,7.9375,31.0625,-0.6500,-1.6375,0.1250,-1.5875,-3.8625,0.3750,1415
79391,1109.7781,1119.9156,1114.0843,1124.2218,3.1875,7.7500,30.9375,-0.6375,-1.6406,0.1250,-1.5500,-3.8937,0.3750,1417
79430,1109.8093,1119.3718,1114.6281,1124.1906,3.2500,7.4375,30.8750,-0.6500,-1.6344,-0.1250,-1.4875,-3.9188,0.6250,1417
79470,1109.8531,1120.1343,1113.8656,1124.1468,3.1250,7.3125,30.7500,-0.6250,-1.6312,0.2500,-1.4625,-3.9281,0.2500,1417
79511,1108.7749,1119.0000,1113.0000,1123.2250,3.0625,7.1875,30.6250,-0.6125,-1.6250,0.1250,-1.4375,-3.9250,0.2500,1416
79551,1108.2937,1118.9812,1113.0187,1123.7062,3.1250,7.1875,30.5625,-0.6250,-1.6125,-0.1250,-1.4375,-3.9063,0.0000,1416
79591,1108.3218,1119.4906,1112.5093,1123.6781,3.0625,7.3125,30.3750,-0.6125,-1.6062,0.1250,-1.4625,-3.8719,-0.2500,1416
79630,1106.9437,1118.3624,1111.6375,1123.0562,3.1250,7.5000,30.3125,-0.6250,-1.5969,-0.1250,-1.5000,-3.8344,-0.3750,1415
79670,1105.8000,1117.5000,1110.5000,1122.1999,3.1875,7.7500,30.1875,-0.6375,-1.5875,-0.1250,-1.5500,-3.8000,-0.5000,1414
79711,1105.3155,1116.7906,1109.2093,1120.6844,3.0625,7.9375,30.0625,-0.6125,-1.5844,0.2500,-1.5875,-3.7750,-0.3750,1413
79751,1104.0499,1115.3062,1108.6937,1119.9500,3.1250,8.0625,29.9375,-0.6250,-1.5719,-0.1250,-1.6125,-3.7656,-0.2500,1412
79791,1102.5625,1113.3312,1106.6687,1117.4375,3.0625,8.0625,29.8125,-0.6125,-1.5656,0.1250,-1.6125,-3.7719,0.0000,1410
79830,1103.4282,1113.9531,1108.0468,1118.5717,3.1250,8.0000,29.6875,-0.6250,-1.5594,-0.1250,-1.6000,-3.7875,0.1250,1411
79869,1104.8187,1114.5499,1109.4500,1119.1812,3.1875,7.7500,29.6250,-0.6375,-1.5531,-0.1250,-1.5500,-3.8156,0.5000,1412
79909,1106.1062,1115.7812,1110.2187,1119.8937,3.1250,7.5000,29.5625,-0.6250,-1.5562,0.1250,-1.5000,-3.8375,0.5000,1413
79950,1106.8750,1116.7563,1111.2436,1121.1250,3.1250,7.3125,29.4375,-0.6250,-1.5594,0.0000,-1.4625,-3.8531,0.3750,1414
79990,1107.6312,1117.4500,1112.5499,1122.3687,3.2500,7.1250,29.3750,-0.6500,-1.5594,-0.2500,-1.4250,-3.8594,0.3750,1415
80030,1109.7812,1120.0561,1113.9438,1124.2187,3.1875,7.0625,29.3125,-0.6375,-1.5687,0.1250,-1.4125,-3.8500,0.1250,1417
80070,1109.4124,1120.1688,1113.8311,1124.5875,3.1875,7.1250,29.2500,-0.6375,-1.5719,0.0000,-1.4250,-3.8281,-0.1250,1417
80110,1109.0187,1120.0124,1113.9875,1124.9812,3.3125,7.2500,29.1250,-0.6625,-1.5719,-0.2500,-1.4500,-3.7969,-0.2500,1417
80150,1109.1281,1120.3781,1113.6218,1124.8718,3.3125,7.4375,29.0625,-0.6625,-1.5844,0.0000,-1.4875,-3.7625,-0.3750,1417
80190,1108.9749,1120.2374,1113.7625,1125.0250,3.3750,7.6250,29.0000,-0.6750,-1.5937,-0.1250,-1.5250,-3.7313,-0.3750,1417
80230,1109.0687,1120.0875,1113.9124,1124.9312,3.4375,7.7500,28.8750,-0.6875,-1.6094,-0.1250,-1.5500,-3.7094,-0.2500,1417
80270,1108.1656,1119.2093,1112.7906,1123.8343,3.4375,7.8750,28.7500,-0.6875,-1.6250,0.0000,-1.5750,-3.6969,-0.2500,1416
80310,1106.5344,1117.0905,1110.9094,1121.4655,3.3750,7.8750,28.6875,-0.6750,-1.6375,0.1250,-1.5750,-3.7031,0.0000,1414
80350,1105.5156,1115.8344,1110.1655,1120.4843,3.3750,7.8125,28.6250,-0.6750,-1.6500,0.0000,-1.5625,-3.7219,0.1250,1413
80390,1104.6280,1114.6968,1109.3031,1119.3719,3.3750,7.6875,28.5625,-0.6750,-1.6625,0.0000,-1.5375,-3.7469,0.2500,1412
80430,1103.7562,1113.5562,1108.4437,1118.2437,3.3750,7.5000,28.5000,-0.6750,-1.6687,0.0000,-1.5000,-3.7750,0.3750,1411
80470,1103.6250,1113.6687,1108.3312,1118.3750,3.3750,7.3750,28.4375,-0.6750,-1.6781,0.0000,-1.4750,-3.7969,0.2500,1411
80509,1104.7656,1114.7844,1109.2155,1119.2343,3.3125,7.2500,28.3750,-0.6625,-1.6875,0.1250,-1.4500,-3.8094,0.2500,1412
80550,1105.6656,1115.9093,1110.0906,1120.3343,3.2500,7.1875,28.3750,-0.6500,-1.6875,0.1250,-1.4375,-3.8094,0.1250,1413
80590,1106.4312,1116.9000,1111.0999,1121.5687,3.2500,7.1875,28.3125,-0.6500,-1.6844,0.0000,-1.4375,-3.7969,0.0000,1414
80630,1108.4593,1119.1593,1112.8406,1123.5406,3.1875,7.2500,28.3750,-0.6375,-1.6781,0.1250,-1.4500,-3.7750,-0.1250,1416
80670,1109.3593,1120.3093,1113.6906,1124.6406,3.1250,7.3750,28.3750,-0.6250,-1.6656,0.1250,-1.4750,-3.7500,-0.2500,1417
80710,1109.3875,1120.3375,1113.6624,1124.6124,3.0625,7.5000,28.3750,-0.6125,-1.6500,0.1250,-1.5000,-3.7250,-0.2500,1417
80750,1109.2719,1120.2343,1113.7656,1124.7280,3.0625,7.6250,28.3750,-0.6125,-1.6344,0.0000,-1.5250,-3.7063,-0.2500,1417
80790,1109.4094,1120.4030,1113.5969,1124.5905,3.0000,7.7500,28.3750,-0.6000,-1.6187,0.1250,-1.5500,-3.6969,-0.2500,1417
80830,1109.4125,1120.1875,1113.8125,1124.5874,3.0000,7.8125,28.3750,-0.6000,-1.6000,0.0000,-1.5625,-3.7000,-0.1250,1417
80871,1109.6781,1119.9593,1114.0406,1124.3218,3.0000,7.7500,28.4375,-0.6000,-1.5813,0.0000,-1.5500,-3.7156,0.1250,1417
80911,1108.5531,1118.8468,1113.1531,1123.4468,3.0625,7.6875,28.3750,-0.6125,-1.5625,-0.1250,-1.5375,-3.7344,0.1250,1416
80951,1106.8187,1116.5811,1111.4188,1121.1812,3.1250,7.5000,28.4375,-0.6250,-1.5500,-0.1250,-1.5000,-3.7563,0.3750,1414
80991,1105.8344,1115.8281,1110.1718,1120.1655,3.1250,7.3750,28.4375,-0.6250,-1.5437,0.0000,-1.4750,-3.7719,0.2500,1413
81030,1104.7187,1114.9562,1109.0437,1119.2812,3.1250,7.3125,28.4375,-0.6250,-1.5375,0.0000,-1.4625,-3.7813,0.1250,1412
81072,1103.5937,1113.8125,1108.1875,1118.4062,3.1875,7.2500,28.5000,-0.6375,-1.5344,-0.1250,-1.4500,-3.7844,0.1250,1411
81111,1103.4593,1114.1905,1107.8094,1118.5406,3.1875,7.3125,28.5625,-0.6375,-1.5375,0.0000,-1.4625,-3.7781,-0.1250,1411
81150,1104.3125,1115.0500,1108.9499,1119.6875,3.2500,7.3750,28.6250,-0.6500,-1.5437,-0.1250,-1.4750,-3.7688,-0.1250,1412
81190,1105.2906,1116.0281,1109.9718,1120.7093,3.3125,7.4375,28.6875,-0.6625,-1.5531,-0.1250,-1.4875,-3.7563,-0.1250,1413
81230,1107.2656,1118.2719,1111.7280,1122.7343,3.3125,7.5625,28.6875,-0.6625,-1.5687,0.0000,-1.5125,-3.7406,-0.2500,1415
81271,1108.3750,1118.8562,1113.1437,1123.6250,3.3750,7.5625,28.8125,-0.6750,-1.5844,-0.1250,-1.5125,-3.7281,0.0000,1416
81311,1109.6281,1120.0905,1113.9094,1124.3718,3.3125,7.5625,28.8125,-0.6625,-1.6031,0.1250,-1.5125,-3.7188,0.0000,1417
81351,1109.6343,1119.8094,1114.1905,1124.3656,3.3125,7.5000,28.8750,-0.6625,-1.6156,0.0000,-1.5000,-3.7125,0.1250,1417
81390,1109.5000,1119.6499,1114.3500,1124.5000,3.3750,7.4375,28.9375,-0.6750,-1.6250,-0.1250,-1.4875,-3.7125,0.1250,1417
81430,1109.6218,1119.7531,1114.2468,1124.3781,3.3750,7.3750,28.9375,-0.6750,-1.6375,0.0000,-1.4750,-3.7156,0.1250,1417
81471,1109.6187,1119.7313,1114.2686,1124.3812,3.3750,7.3125,28.9375,-0.6750,-1.6500,0.0000,-1.4625,-3.7188,0.1250,1417
81511,1109.3437,1119.7124,1114.2875,1124.6562,3.4375,7.3125,28.9375,-0.6875,-1.6594,-0.1250,-1.4625,-3.7219,0.0000,1417
81551,1108.4561,1119.0999,1112.9000,1123.5438,3.3750,7.3750,28.9375,-0.6750,-1.6719,0.1250,-1.4750,-3.7219,-0.1250,1416
81590,1107.3125,1117.9812,1112.0187,1122.6875,3.3750,7.4375,28.9375,-0.6750,-1.6781,0.0000,-1.4875,-3.7219,-0.1250,1415
81630,1106.0218,1116.9906,1111.0093,1121.9781,3.4375,7.5625,28.9375,-0.6875,-1.6812,-0.1250,-1.5125,-3.7219,-0.2500,1414
81671,1104.2530,1115.2718,1108.7281,1119.7469,3.3750,7.6875,28.8750,-0.6750,-1.6875,0.1250,-1.5375,-3.7219,-0.2500,1412
81711,1103.0968,1114.1781,1107.8218,1118.9031,3.3750,7.8125,28.8125,-0.6750,-1.6875,0.0000,-1.5625,-3.7281,-0.2500,1411
81751,1103.3312,1113.9375,1108.0625,1118.6687,3.3750,7.8125,28.8125,-0.6750,-1.6906,0.0000,-1.5625,-3.7406,0.0000,1411
81789,1100.4500,1111.0875,1104.9124,1115.5499,3.3125,7.8125,28.6875,-0.6625,-1.6937,0.1250,-1.5625,-3.7563,0.0000,1408
81829,1077.5843,1087.7093,1082.2906,1092.4156,3.3125,7.6875,28.6250,-0.6625,-1.6906,0.0000,-1.5375,-3.7750,0.2500,1385
81871,1020.5969,1030.7031,1025.2968,1035.4030,3.3125,7.5625,28.5625,-0.6625,-1.6875,0.0000,-1.5125,-3.7906,0.2500,1328
81911,1000.0000,1000.0000,1000.0000,1000.0000,3.1250,7.5000,28.4375,-0.6250,-1.6844,0.3750,-1.5000,-3.8031,0.1250,1245
81951,1000.0000,1000.0000,1000.0000,1000.0000,3.1875,7.3750,28.4375,-0.6375,-1.6687,-0.1250,-1.4750,-3.8125,0.2500,1162
81990,1000.0000,1000.0000,1000.0000,1000.0000,3.1250,7.3125,28.4375,-0.6250,-1.6594,0.1250,-1.4625,-3.8125,0.1250,1082
82030,1000.0000,1000.0000,1000.0000,1000.0000,3.0625,7.1875,28.4375,-0.6125,-1.6469,0.1250,-1.4375,-3.8063,0.2500,1024
82071,1000.0000,1000.0000,1000.0000,1000.0000,3.1250,7.0625,28.5625,-0.6250,-1.6281,-0.1250,-1.4125,-3.7875,0.2500,999
82110,1000.0000,1000.0000,1000.0000,1000.0000,3.1250,6.8750,28.6875,-0.6250,-1.6156,0.0000,-1.3750,-3.7563,0.3750,1000
82150,1000.0000,1000.0000,1000.0000,1000.0000,3.1250,6.6875,28.8750,-0.6250,-1.6031,0.0000,-1.3375,-3.7094,0.3750,1002
82190,1000.0000,1000.0000,1000.0000,1000.0000,3.1875,6.5000,29.0625,-0.6375,-1.5906,-0.1250,-1.3000,-3.6531,0.3750,1002
82230,1000.0000,1000.0000,1000.0000,1000.0000,3.1250,6.2500,29.3125,-0.6250,-1.5844,0.1250,-1.2500,-3.5875,0.5000,1002
82270,1000.0000,1000.0000,1000.0000,1000.0000,3.1250,6.0625,29.6875,-0.6250,-1.5750,0.0000,-1.2125,-3.5156,0.3750,1003
82310,1000.0000,1000.0000,1000.0000,1000.0000,3.2500,5.8750,30.0625,-0.6500,-1.5656,-0.2500,-1.1750,-3.4406,0.3750,1003
82350,1000.0000,1000.0000,1000.0000,1000.0000,3.1250,5.7500,30.4375,-0.6250,-1.5719,0.2500,-1.1500,-3.3594,0.2500,1003
82390,1000.0000,1000.0000,1000.0000,1000.0000,3.1875,5.6250,30.9375,-0.6375,-1.5687,-0.1250,-1.1250,-3.2781,0.2500,1003
82429,1000.0000,1000.0000,1000.0000,1000.0000,3.2500,5.5625,31.4375,-0.6500,-1.5719,-0.1250,-1.1125,-3.1938,0.1250,1003
82469,1000.0000,1000.0000,1000.0000,1000.0000,3.2500,5.6250,31.9375,-0.6500,-1.5813,0.0000,-1.1250,-3.1125,-0.1250,1003
82510,1000.0000,1000.0000,1000.0000,1000.0000,3.4375,5.6250,32.5625,-0.6875,-1.5875,-0.3750,-1.1250,-3.0406,0.0000,1003
82550,1000.0000,1000.0000,1000.0000,1000.0000,3.5625,5.7500,33.1250,-0.7125,-1.6031,-0.2500,-1.1500,-2.9781,-0.2500,1004
82590,1000.0000,1000.0000,1000.0000,1000.0000,3.7500,5.8750,33.7500,-0.7500,-1.6250,-0.3750,-1.1750,-2.9313,-0.2500,1004
82630,1000.0000,1000.0000,1000.0000,1000.0000,3.9375,6.0000,34.4375,-0.7875,-1.6531,-0.3750,-1.2000,-2.9000,-0.2500,1003